timestamp,value_usdc,cash,qty_BTCUSDC,action,size,q10,q50,q90,uncertainty,rsi,adx,bb_width
2025-08-17 09:00:00+00:00,1000.0,1000.0,0.0,HOLD,0.0,0.0259177833865646,0.06471162803716203,0.10350547268775946,0.07758768930119486,68.02938768521216,20.37317525998259,0.010167327284173038
2025-08-17 10:00:00+00:00,1000.0,1000.0,0.0,HOLD,0.0,0.030328613294211257,0.06484209516041074,0.09935557702661023,0.06902696373239897,69.42483350443578,21.95793683159014,0.011297041357101282
2025-08-17 11:00:00+00:00,1000.0,1000.0,0.0,HOLD,0.0,0.029580573344459057,0.06553440992994645,0.10148824651543385,0.0719076731709748,74.01800648862269,23.21728944581622,0.011954679481833002
2025-08-17 12:00:00+00:00,1000.0,1000.0,0.0,HOLD,0.0,0.027235698038726844,0.06506169280823158,0.10288768757773632,0.07565198953900948,68.29525080265252,24.004301685396054,0.012237866629654462
2025-08-17 13:00:00+00:00,1000.0,1000.0,0.0,HOLD,0.0,0.02611164159776093,0.06416505070618349,0.10221845981460605,0.07610681821684512,74.91133025976605,26.07689102932922,0.012994321838682809
2025-08-17 14:00:00+00:00,1000.0,1000.0,0.0,HOLD,0.0,0.02572030658528253,0.06416505070618349,0.10260979482708445,0.07688948824180192,69.79129803949334,29.08357834234019,0.013080333750336792
2025-08-17 15:00:00+00:00,1000.0,1000.0,0.0,HOLD,0.0,0.026099936166318047,0.06416505070618349,0.10223016524604893,0.07613022907973088,68.55861621263276,31.19241145335462,0.013226059672128422
2025-08-17 16:00:00+00:00,1000.0,1000.0,0.0,HOLD,0.0,0.025866502007472425,0.06553033942988702,0.10519417685230162,0.0793276748448292,54.72704109067743,29.90427985360636,0.013079345616203556
2025-08-17 17:00:00+00:00,1000.0,1000.0,0.0,HOLD,0.0,0.02280287824030903,0.06527623658469807,0.10774959492908712,0.0849467166887781,54.47262350929889,28.949390674298712,0.012523740889436918
2025-08-17 18:00:00+00:00,1000.0,1000.0,0.0,HOLD,0.0,0.02209365762555359,0.06562767241682498,0.10916168720809635,0.08706802958254276,38.73634484794789,29.719806914180907,0.012345185836530695
2025-08-17 19:00:00+00:00,1000.0,1000.0,0.0,HOLD,0.0,0.018344205196309187,0.0623200248221718,0.10629584444803442,0.08795163925172522,40.74546033768742,30.746460804602314,0.011888242505308049
2025-08-17 20:00:00+00:00,1000.0,1000.0,0.0,HOLD,0.0,0.02329639480480248,0.06779015545877891,0.11228391611275534,0.08898752130795287,42.870824748155876,32.01854587307852,0.01089296195370725
2025-08-17 21:00:00+00:00,1000.0,1000.0,0.0,HOLD,0.0,0.023946893795848162,0.06779015545877891,0.11163341712170965,0.08768652332586149,43.33312997324375,33.11537691252089,0.010273824623736187
2025-08-17 22:00:00+00:00,1000.0,1000.0,0.0,HOLD,0.0,0.0230664134983571,0.06777094642185384,0.11247547934535058,0.08940906584699349,40.613511501628324,33.549793411347416,0.009808879048703482
2025-08-17 23:00:00+00:00,1000.0,1000.0,0.0,HOLD,0.0,0.018820029416185033,0.06891562967490315,0.11901122993362127,0.10019120051743624,32.70002941609063,35.106466386117845,0.01057058836441405
2025-08-18 00:00:00+00:00,1000.0,1000.0,0.0,HOLD,0.0,0.02957638554125787,0.07386671187281531,0.11815703820437275,0.08858065266311488,30.209503169996097,36.774874982320156,0.011818546340874272
2025-08-18 01:00:00+00:00,1000.0,1000.0,0.0,HOLD,0.0,0.03441884915991636,0.08127129192117104,0.12812373468242572,0.09370488552250936,22.61880136149118,38.86964227961478,0.017411748093800878
2025-08-18 02:00:00+00:00,1000.0,1000.0,0.0,HOLD,0.0,0.03711000857484389,0.0868958792090884,0.1366817498433329,0.099571741268489,19.164724306213415,40.9417248134725,0.025294684550786182
2025-08-18 03:00:00+00:00,1000.0,1000.0,0.0,HOLD,0.0,0.03798338296875367,0.08785764058968831,0.13773189821062296,0.09974851524186928,13.487147105839838,43.42261209765643,0.03120742677321773
2025-08-18 04:00:00+00:00,1000.0,1000.0,0.0,HOLD,0.0,0.038066411942705755,0.0872249272287046,0.13638344251470347,0.09831703057199771,17.553611287300598,45.76674373241682,0.03458532472693414
2025-08-18 05:00:00+00:00,1000.0,1000.0,0.0,HOLD,0.0,0.04906181631711676,0.09566529053360152,0.1422687647500863,0.09320694843296953,19.925040971175832,47.142205613107,0.03638179503807195
2025-08-18 06:00:00+00:00,1000.0,1000.0,0.0,HOLD,0.0,0.045161740209541806,0.09160213215758019,0.13804252410561857,0.09288078389607676,19.781643486421245,50.99127091058005,0.0386728949462276
2025-08-18 07:00:00+00:00,1000.0,1000.0,0.0,HOLD,0.0,0.06189079317334012,0.10827243830500786,0.1546540834366756,0.09276329026333549,18.364897744459995,55.46931961359288,0.040375365483314614
2025-08-18 08:00:00+00:00,1000.0,1000.0,0.0,HOLD,0.0,0.06952571236804515,0.10949239636476475,0.14945908036148436,0.07993336799343921,19.69439771113126,59.18461653017653,0.04177670873413249
2025-08-18 09:00:00+00:00,1000.0,1000.0,0.0,HOLD,0.0,0.0837352947216841,0.11546674154391791,0.14719818836615173,0.06346289364446762,18.663771868803323,62.88624865686921,0.04209436823764633
2025-08-18 10:00:00+00:00,1000.0,1000.0,0.0,HOLD,0.0,0.08434294078593288,0.11546674154391791,0.14659054230190294,0.06224760151597006,18.477090353284524,66.45805338941588,0.04223775792609524
2025-08-18 11:00:00+00:00,1000.0,1000.0,0.0,HOLD,0.0,0.12895148261184805,0.16148073344161146,0.19400998427137486,0.06505850165952681,15.939400088593572,70.55225916915899,0.0416481977511222
2025-08-18 12:00:00+00:00,1000.0,1000.0,0.0,HOLD,0.0,0.11924180699026025,0.1564998822493347,0.19375795750840913,0.07451615051814887,22.067103192265535,73.26741907951258,0.04044748762753723
2025-08-18 13:00:00+00:00,1000.0,1000.0,0.0,HOLD,0.0,0.12035510090405757,0.1564998822493347,0.19264466359461183,0.07228956269055425,21.423798429237806,73.8383196218313,0.039639717544448325
2025-08-18 14:00:00+00:00,1000.0,1000.0,0.0,HOLD,0.0,0.11360451168910927,0.1546839054800847,0.19576329927106012,0.08215878758195085,33.97797002313642,73.56976968093906,0.03806586642143064
2025-08-18 15:00:00+00:00,1000.0,1000.0,0.0,HOLD,0.0,0.10742411490278828,0.14565917309775012,0.18389423129271196,0.07647011638992368,48.667462040907445,69.75831489786191,0.03597780696558288
2025-08-18 16:00:00+00:00,1000.0,1000.0,0.0,HOLD,0.0,0.060816140231231615,0.09664681940916674,0.13247749858710187,0.07166135835587026,56.319715525889755,65.79766436388448,0.033411560872008174
2025-08-18 17:00:00+00:00,1000.0,1000.0,0.0,HOLD,0.0,0.050847396726240994,0.09168281989764514,0.13251824306904927,0.08167084634280827,62.73044024782158,62.7589093375586,0.030345603335593073
2025-08-18 18:00:00+00:00,1000.0,1000.0,0.0,HOLD,0.0,0.04116095904559328,0.09168281989764514,0.142204680749697,0.10104372170410372,61.8761585208476,59.72015431123271,0.025544573278295242
2025-08-18 19:00:00+00:00,1000.0,1000.0,0.0,HOLD,0.0,0.04157911820277978,0.09385506776335849,0.14613101732393718,0.10455189912115741,57.43249019291237,57.075879004931416,0.022222654687413954
2025-08-18 20:00:00+00:00,1000.0,1000.0,0.0,HOLD,0.0,0.038796816419462504,0.08979192814840285,0.1407870398773432,0.1019902234578807,65.04642993054307,54.195444377665254,0.018999841961552848
2025-08-18 21:00:00+00:00,1000.0,1000.0,0.0,HOLD,0.0,0.040240041996022644,0.09156313532143733,0.14288622864685202,0.10264618665082938,67.75256321615689,51.55792048218734,0.020003356961145382
2025-08-18 22:00:00+00:00,1000.0,1000.0,0.0,HOLD,0.0,0.0408846971929891,0.09225278180353656,0.14362086641408403,0.10273616922109494,64.90284442852192,49.797640181256256,0.020743133152949907
2025-08-18 23:00:00+00:00,1000.0,1000.0,0.0,HOLD,0.0,0.04262237527730269,0.09205595890746358,0.14148954253762447,0.09886716726032177,63.76112905653394,48.27612247138348,0.020888117479984144
2025-08-19 00:00:00+00:00,1000.0,1000.0,0.0,HOLD,0.0,0.04438503295546154,0.09020019030869485,0.13601534766192816,0.09163031470646663,66.23167860941925,45.22765037499911,0.021682180459805453
2025-08-19 01:00:00+00:00,1000.0,1000.0,0.0,HOLD,0.0,0.04496688604988882,0.09141606463069378,0.13786524321149873,0.0928983571616099,58.04331342194186,42.57266540265424,0.021663829689041694
2025-08-19 02:00:00+00:00,1000.0,1000.0,0.0,HOLD,0.0,0.04569281590315199,0.09268915207285229,0.13968548824255259,0.09399267233940059,52.38208126076492,39.68998447942142,0.02119441901400702
2025-08-19 03:00:00+00:00,1000.0,1000.0,0.0,HOLD,0.0,0.04374649133071958,0.09363666198936167,0.14352683264800375,0.09978034131728417,49.710025184904936,36.02329232986642,0.022124690465454185
2025-08-19 04:00:00+00:00,1000.0,1000.0,0.0,HOLD,0.0,0.041464678320083964,0.09363666198936167,0.14580864565863938,0.10434396733855542,46.53129392240878,33.323140582909936,0.02183614584923139
2025-08-19 05:00:00+00:00,1000.0,1000.0,0.0,HOLD,0.0,0.0436716602152673,0.0987472319590433,0.15382280370281928,0.11015114348755198,37.10391313147311,34.189813115894594,0.021988279580100717
2025-08-19 06:00:00+00:00,1000.0,1000.0,0.0,HOLD,0.0,0.044958563237027925,0.0987472319590433,0.15253590068105866,0.10757733744403072,39.316190860623536,35.197986163186314,0.0220733722076453
2025-08-19 07:00:00+00:00,1000.0,1000.0,0.0,HOLD,0.0,0.040223486566058994,0.0987472319590433,0.1572709773520276,0.11704749078596861,31.79524243313989,36.03791845574653,0.021998599132040407
2025-08-19 08:00:00+00:00,1000.0,1000.0,0.0,HOLD,0.0,0.04028683353057154,0.09809679380075874,0.15590675407094595,0.11561992054037441,34.35716476705973,36.16476216017485,0.022424827092517627
2025-08-19 09:00:00+00:00,1000.0,1000.0,0.0,HOLD,0.0,0.04254011605437938,0.09631537760468374,0.1500906391549881,0.10755052310060872,37.936783385620394,36.088125987787926,0.02141635915185054
2025-08-19 10:00:00+00:00,1000.0,1000.0,0.0,HOLD,0.0,0.04107548919891127,0.09631537760468374,0.1515552660104562,0.11047977681154494,37.68349694405962,35.8937219309243,0.02161972720070247
2025-08-19 11:00:00+00:00,1000.0,1000.0,0.0,HOLD,0.0,0.04121980958456628,0.09631537760468374,0.1514109456248012,0.11019113604023492,35.601579901710906,35.67141368180962,0.02155731452897104
2025-08-19 12:00:00+00:00,1000.0,1000.0,0.0,HOLD,0.0,0.042471424789567176,0.09582959398501227,0.14918776318045737,0.1067163383908902,39.47927680548774,35.660854787653165,0.021543825904088622
2025-08-19 13:00:00+00:00,1000.0,1000.0,0.0,HOLD,0.0,0.047850288489470164,0.09631537760468374,0.1447804667198973,0.09693017823042714,37.18067806602326,35.31856940831524,0.02124505785769988
2025-08-19 14:00:00+00:00,1000.0,1000.0,0.0,HOLD,0.0,0.037877594124149774,0.0987472319590433,0.1596168697939368,0.12173927566978703,23.250564334086008,37.34419600347143,0.024472349649969808
2025-08-19 15:00:00+00:00,1000.0,1000.0,0.0,HOLD,0.0,0.040911771593488376,0.10073137909850742,0.16055098660352646,0.11963921501003807,26.83255479698194,39.38148532860608,0.02728102914788731
2025-08-19 16:00:00+00:00,1000.0,1000.0,0.0,HOLD,0.0,0.039742529570929254,0.10073137909850742,0.1617202286260856,0.12197769905515635,24.845797502047745,42.2754485170691,0.030395022179195378
2025-08-19 17:00:00+00:00,1000.0,1000.0,0.0,HOLD,0.0,0.04457251824723389,0.10365827675589433,0.16274403526455478,0.11817151701732088,33.392131061423626,46.40103541064399,0.03123664390840791
2025-08-19 18:00:00+00:00,1000.0,1000.0,0.0,HOLD,0.0,0.04324798658735732,0.10441204037108807,0.16557609415481883,0.12232810756746151,20.864383461703014,49.74579399541364,0.033333844173475395
2025-08-19 19:00:00+00:00,1000.0,1000.0,0.0,HOLD,0.0,0.044202140059314776,0.10441204037108807,0.16462194068286137,0.1204198006235466,24.206903124176776,52.56247158119528,0.034582143463053105
2025-08-19 20:00:00+00:00,1000.0,1000.0,0.0,HOLD,0.0,0.04896180646153113,0.10441204037108807,0.15986227428064503,0.1109004678191139,31.690804414770156,54.855986356573055,0.03273563674356295
2025-08-19 21:00:00+00:00,1000.0,1000.0,0.0,HOLD,0.0,0.049349416358830146,0.10441204037108807,0.159474664383346,0.11012524802451587,30.83792812702039,55.226239799960936,0.03273033038428779
2025-08-19 22:00:00+00:00,1000.0,1000.0,0.0,HOLD,0.0,0.05218918478328112,0.10441204037108807,0.15663489595889502,0.1044457111756139,25.488748550322214,57.43223625684033,0.032845762689754324
2025-08-19 23:00:00+00:00,1000.0,1000.0,0.0,HOLD,0.0,0.051585462885377284,0.10441204037108807,0.15723861785679888,0.1056531549714216,21.3117326600495,60.807902766256014,0.03479973130601325
2025-08-20 00:00:00+00:00,1000.0,1000.0,0.0,HOLD,0.0,0.06091590711965106,0.10441204037108807,0.1479081736225251,0.08699226650287403,25.91446741699893,64.55426536680584,0.03483994881471914
2025-08-20 01:00:00+00:00,1000.0,1000.0,0.0,HOLD,0.0,0.1021828525486298,0.1470705994721594,0.19195834639568898,0.08977549384705918,22.961026882021272,68.43713955060203,0.03551041687233944
2025-08-20 02:00:00+00:00,1000.0,1000.0,0.0,HOLD,0.0,0.10709460453347115,0.14977559411049718,0.19245658368752322,0.08536197915405207,28.360581562498666,70.99253235245712,0.035080040557770184
2025-08-20 03:00:00+00:00,1000.0,1000.0,0.0,HOLD,0.0,0.09928512275592041,0.14301332672214528,0.18674153068837016,0.08745640793244974,32.17875899838492,72.80424367126484,0.034409962528936924
2025-08-20 04:00:00+00:00,1000.0,1000.0,0.0,HOLD,0.0,0.09651640644429738,0.1390315187036935,0.18154663096308965,0.08503022451879227,46.41212669214176,73.13160624918008,0.03297136276865829
2025-08-20 05:00:00+00:00,1000.0,1000.0,0.0,HOLD,0.0,0.09530361279214365,0.1375930376677046,0.1798824625432655,0.08457884975112186,48.86436080813226,72.3401438478254,0.030778028455076087
2025-08-20 06:00:00+00:00,1000.0,1000.0,0.0,HOLD,0.0,0.09832995416092553,0.14122233027087144,0.18411470638081734,0.0857847522198918,54.263473593430135,71.08156802210168,0.027818981062754374
2025-08-20 07:00:00+00:00,1000.0,1000.0,0.0,HOLD,0.0,0.09565175910806195,0.1392184560633591,0.18278515301865622,0.08713339391059427,49.52244416833929,69.1685518045321,0.023563287826694597
2025-08-20 08:00:00+00:00,1000.0,1000.0,0.0,HOLD,0.0,0.04501154067530239,0.08474762513222296,0.12448370958914354,0.07947216891384115,64.65571787910616,65.73472795129985,0.0173267426882512
2025-08-20 09:00:00+00:00,1000.0,1000.0,0.0,HOLD,0.0,0.0236405209427474,0.08090284657744405,0.1381651722121407,0.11452465126939329,58.21173692344198,61.64078890548454,0.010738000612759193
2025-08-20 10:00:00+00:00,1000.0,1000.0,0.0,HOLD,0.0,0.03861761686923947,0.08245294008333635,0.12628826329743323,0.08767064642819375,53.565640194489376,57.85906831808044,0.010526759597641985
2025-08-20 11:00:00+00:00,1000.0,1000.0,0.0,HOLD,0.0,0.04985627602310206,0.09412351884127572,0.13839076165944939,0.08853448563634733,54.013950004377485,55.89242124409769,0.010320968506072215
2025-08-20 12:00:00+00:00,1000.0,1000.0,0.0,HOLD,0.0,0.05210573773054103,0.09195754775027386,0.13180935777000669,0.07970362003946566,58.51098582643968,51.57128834155235,0.010435764796913573
2025-08-20 13:00:00+00:00,1000.0,1000.0,0.0,HOLD,0.0,0.058440173202122,0.09945401854123966,0.1404678638803573,0.08202769067823532,47.43978605787704,47.762570932748304,0.012052670494653146
2025-08-20 14:00:00+00:00,1000.0,1000.0,0.0,HOLD,0.0,0.05006764139068634,0.09145504976132447,0.1328424581319626,0.08277481674127626,53.17580733553895,44.8671959919068,0.011694022248977002
2025-08-20 15:00:00+00:00,1000.0,1000.0,0.0,HOLD,0.0,0.050042435428256454,0.09188133860468399,0.13372024178111153,0.08367780635285507,54.655004707029896,39.57314419827605,0.011438300756448453
2025-08-20 16:00:00+00:00,1000.0,1000.0,0.0,HOLD,0.0,0.044786371789619424,0.08896525241006302,0.13314413303050662,0.0883577612408872,55.177373704045635,34.87696815937471,0.011810855056051601
2025-08-20 17:00:00+00:00,1000.0,1000.0,0.0,HOLD,0.0,0.04511185738440858,0.0890081613398832,0.13290446529535782,0.08779260791094924,58.09317234232277,30.825417800044505,0.013126788906370765
2025-08-20 18:00:00+00:00,1000.0,1000.0,0.0,HOLD,0.0,0.03726050510790856,0.08061237368676456,0.12396424226562056,0.08670373715771199,48.489659441681376,28.893726271663127,0.012838969268022672
2025-08-20 19:00:00+00:00,1000.0,1000.0,0.0,HOLD,0.0,0.03381168467771918,0.07633518944187861,0.11885869420603805,0.08504700952831887,55.206193306453706,27.514787523013144,0.012970000603760407
2025-08-20 20:00:00+00:00,1000.0,1000.0,0.0,HOLD,0.0,0.028678945634242427,0.0760588528705848,0.12343876010692717,0.09475981447268475,56.515636363636375,26.399616308176668,0.013934813869769053
2025-08-20 21:00:00+00:00,1000.0,1000.0,0.0,HOLD,0.0,0.028150978219791817,0.0780400988900694,0.12792921956034697,0.09977824134055516,58.09356316382618,26.32005257752431,0.013891814997686044
2025-08-20 22:00:00+00:00,1000.0,1000.0,0.0,HOLD,0.0,0.026866032345834692,0.07685495578512151,0.12684387922440832,0.09997784687857363,55.77145742639099,27.990329154101904,0.015287223515470951
2025-08-20 23:00:00+00:00,1000.0,1000.0,0.0,HOLD,0.0,0.032178963888274306,0.08245371916212448,0.13272847443597463,0.10054951054770032,55.61863396556007,29.909561639215042,0.01561495053952495
2025-08-21 00:00:00+00:00,1000.0,1000.0,0.0,HOLD,0.0,0.028918024671321388,0.07961021007152268,0.13030239547172395,0.10138437080040257,54.98713165612596,31.821672242093154,0.015976824029143823
2025-08-21 01:00:00+00:00,1000.0,1000.0,0.0,HOLD,0.0,0.020701047045652232,0.07062826281385907,0.12055547858206592,0.09985443153641368,59.9844494777054,30.726007387457653,0.017360407792881307
2025-08-21 02:00:00+00:00,1000.0,1000.0,0.0,HOLD,0.0,0.025424112900702574,0.07619589756250707,0.12696768222431157,0.101543569323609,53.15359844229765,30.8594261398783,0.017272208723716515
2025-08-21 03:00:00+00:00,1000.0,1000.0,0.0,HOLD,0.0,0.021516764445945448,0.07304351809679284,0.12457027174764024,0.1030535073016948,62.30373539170995,29.409482305919813,0.016909657994812168
2025-08-21 04:00:00+00:00,1000.0,1000.0,0.0,HOLD,0.0,0.02365049013503253,0.07619589756250707,0.1287413049899816,0.10509081485494906,53.70605327950673,27.406591936024487,0.016933251650575378
2025-08-21 05:00:00+00:00,1000.0,1000.0,0.0,HOLD,0.0,0.022682408218500615,0.07521162701884433,0.12774084581918804,0.10505843760068742,56.9822193957556,27.05771199870448,0.016832461929363735
2025-08-21 06:00:00+00:00,1000.0,1000.0,0.0,HOLD,0.0,0.024185751248085037,0.07754745615161705,0.13090916105514908,0.10672340980706405,49.61813392214534,26.539379808513576,0.016824109487382336
2025-08-21 07:00:00+00:00,1000.0,1000.0,0.0,HOLD,0.0,0.02075840243436948,0.07754745615161705,0.13433650986886464,0.11357810743449516,46.25436059512805,26.731167122476222,0.016674109407161433
2025-08-21 08:00:00+00:00,1000.0,1000.0,0.0,HOLD,0.0,0.00795600112177372,0.0692147931494451,0.1304735851771165,0.12251758405534277,51.35789049697361,24.912004814574367,0.01676456129608101
2025-08-21 09:00:00+00:00,1000.0,1000.0,0.0,HOLD,0.0,0.030021337668988325,0.08246035684434859,0.13489937601970886,0.10487803835072054,35.247516960740185,23.35608941204027,0.01407916585453624
2025-08-21 10:00:00+00:00,1000.0,1000.0,0.0,HOLD,0.0,0.02801711106871474,0.08246035684434859,0.13690360261998244,0.1088864915512677,32.682306406611005,22.387269776655916,0.014441026143383117
2025-08-21 11:00:00+00:00,1000.0,1000.0,0.0,HOLD,0.0,0.02558494515738266,0.08000835410955455,0.13443176306172644,0.10884681790434378,30.957682336838133,22.699534669839952,0.015092587758827495
2025-08-21 12:00:00+00:00,1000.0,1000.0,0.0,HOLD,0.0,0.02341820689019624,0.08157870329789814,0.13973919970560003,0.11632099281540378,24.877730135334147,23.899141260160253,0.01656663945552563
2025-08-21 13:00:00+00:00,1000.0,1000.0,0.0,HOLD,0.0,0.03130928081273234,0.07914684894353859,0.12698441707434482,0.09567513626161248,37.15565979023484,23.38181476540808,0.016766690124773522
2025-08-21 14:00:00+00:00,1000.0,1000.0,0.0,HOLD,0.0,0.031512112213888444,0.0749997933839233,0.11848747455395817,0.08697536234006972,34.3969626478594,20.7789576266518,0.01716916269926235
2025-08-21 15:00:00+00:00,1000.0,1000.0,0.0,HOLD,0.0,0.04590252164713897,0.0977544149472337,0.14960630824732846,0.10370378660018949,20.541539733790586,21.599325961451587,0.018857124522329727
2025-08-21 16:00:00+00:00,1000.0,1000.0,0.0,HOLD,0.0,0.05542479070396791,0.10300409117372776,0.1505833916434876,0.0951586009395197,22.44874904475529,23.404165954421273,0.021359323768969686
2025-08-21 17:00:00+00:00,1000.0,1000.0,0.0,HOLD,0.0,0.054568848865784614,0.10252097636857181,0.150473103871359,0.0959042550055744,23.903098743935317,25.676172795649595,0.02297186598105269
2025-08-21 18:00:00+00:00,1000.0,1000.0,0.0,HOLD,0.0,0.05263875169475296,0.10252097636857181,0.15240320104239066,0.0997644493476377,30.00861510515088,27.04905001638349,0.022791684464456386
2025-08-21 19:00:00+00:00,1000.0,1000.0,0.0,HOLD,0.0,0.05619850342173888,0.10252097636857181,0.14884344931540475,0.09264494589366587,21.927798711559532,28.92822566962968,0.024141997601008137
2025-08-21 20:00:00+00:00,1000.0,1000.0,0.0,HOLD,0.0,0.059226751998996255,0.10252097636857181,0.14581520073814735,0.0865884487391511,29.29787623581103,30.07484613762977,0.024125243872044698
2025-08-21 21:00:00+00:00,1000.0,1000.0,0.0,HOLD,0.0,0.06023351859083484,0.10187053821028726,0.14350755782973967,0.08327403923890483,31.18007146187935,30.450516338348113,0.021651994278823153
2025-08-21 22:00:00+00:00,1000.0,1000.0,0.0,HOLD,0.0,0.06490059947894015,0.10858197507211624,0.15226335066529234,0.08736275118635219,33.045098699638785,31.95125483591647,0.02119827879101936
2025-08-21 23:00:00+00:00,1000.0,1000.0,0.0,HOLD,0.0,0.06422439256397153,0.10457079079920868,0.14491718903444584,0.08069279647047431,35.270006484321485,32.89419161666765,0.020629434608515025
2025-08-22 00:00:00+00:00,1000.0,1000.0,0.0,HOLD,0.0,0.05281673054622829,0.09229859521346638,0.13178045988070447,0.07896372933447618,38.58118993389229,32.015507259728764,0.019953001033510973
2025-08-22 01:00:00+00:00,1000.0,1000.0,0.0,HOLD,0.0,0.04578998930986156,0.08551474871143074,0.12523950811299991,0.07944951880313836,45.00404753424207,29.641847324103548,0.018200478461206378
2025-08-22 02:00:00+00:00,1000.0,1000.0,0.0,HOLD,0.0,0.0433161003055531,0.08066726859132382,0.11801843687709454,0.07470233657154143,50.875982811804995,27.080230353912196,0.016853644919496695
2025-08-22 03:00:00+00:00,1000.0,1000.0,0.0,HOLD,0.0,0.04047737089599998,0.07935043206044586,0.11822349322489173,0.07774612232889175,41.23557438463285,25.578294733129926,0.014750571555482019
2025-08-22 04:00:00+00:00,1000.0,1000.0,0.0,HOLD,0.0,0.03705763892959747,0.07725052830360545,0.11744341767761342,0.08038577874801595,42.89904069368238,26.039588196855924,0.013470686940213897
2025-08-22 05:00:00+00:00,1000.0,1000.0,0.0,HOLD,0.0,0.03922834496735731,0.07667129607778343,0.11411424718820956,0.07488590222085226,57.5923669635596,24.191179036355827,0.013147538556483434
2025-08-22 06:00:00+00:00,1000.0,1000.0,0.0,HOLD,0.0,0.04092045919165406,0.07635328870956816,0.11178611822748226,0.0708656590358282,61.07190150674647,22.67775013821615,0.012552926982185304
2025-08-22 07:00:00+00:00,1000.0,1000.0,0.0,HOLD,0.0,0.04333376841901253,0.07809285587846228,0.11285194333791203,0.0695181749188995,61.95957052425427,21.519233203206536,0.012462975210151982
2025-08-22 08:00:00+00:00,1000.0,1000.0,0.0,HOLD,0.0,0.03797321165879834,0.0721627442256469,0.10635227679249547,0.06837906513369713,56.78844605475045,20.971172239230782,0.012317983925318096
2025-08-22 09:00:00+00:00,1000.0,1000.0,0.0,HOLD,0.0,0.038334631228140584,0.07219595342571979,0.10605727562329899,0.0677226443951584,67.52221084953925,20.699712150823498,0.011131421944259152
2025-08-22 10:00:00+00:00,1000.0,1000.0,0.0,HOLD,0.0,0.031532011397578635,0.06627113989132415,0.10101026838506966,0.06947825698749102,51.55939934247531,19.31949240390636,0.010441748060489196
2025-08-22 11:00:00+00:00,1000.0,1000.0,0.0,HOLD,0.0,0.03662273473049414,0.07246036518843206,0.10829799564636998,0.07167526091587584,44.35976500847618,17.583275154972192,0.010943390324118866
2025-08-22 12:00:00+00:00,1000.0,1000.0,0.0,HOLD,0.0,0.03658661591490923,0.07246036518843206,0.1083341144619549,0.07174749854704568,46.78727480632783,16.831194536963345,0.011024793925041096
2025-08-22 13:00:00+00:00,1000.0,1000.0,0.0,HOLD,0.0,0.030146247683258284,0.0657741075710606,0.10140196745886292,0.07125571977560463,49.767787077504,16.05802914350478,0.010901916041717143
2025-08-22 14:00:00+00:00,1000.0,1000.0,0.0,HOLD,0.0,0.021489510370868818,0.07739450409461578,0.13329949781836273,0.1118099874474939,76.63014690598949,18.695503045837093,0.026745584441197585
2025-08-22 15:00:00+00:00,1000.0,1000.0,0.0,HOLD,0.0,-0.0030531966653973147,0.0597621761434516,0.12257754895230051,0.12563074561769783,77.93680359169042,22.437462522322026,0.03779161888879589
2025-08-22 16:00:00+00:00,1000.0,1000.0,0.0,HOLD,0.0,-0.018016939667706268,0.05400654832340602,0.1260300363145183,0.14404697598222457,74.01913176646974,25.077392828985978,0.0443505491455218
2025-08-22 17:00:00+00:00,1000.0,1000.0,0.0,HOLD,0.0,-0.029075645698986505,0.04595993709145245,0.1209955198818914,0.1500711655808779,79.74874459478303,28.4996943830615,0.05282286194732578
2025-08-22 18:00:00+00:00,1000.0,1000.0,0.0,HOLD,0.0,-0.019097695013503842,0.05331771213628055,0.12573311928606495,0.1448308142995688,78.19088919787558,32.29261708120832,0.05807634095817767
2025-08-22 19:00:00+00:00,1000.0,1000.0,0.0,HOLD,0.0,-0.01585034221423754,0.05331771213628055,0.12248576648679865,0.1383361087010362,75.1960298059776,36.074422161390935,0.06144290102786045
2025-08-22 20:00:00+00:00,1000.0,1000.0,0.0,HOLD,0.0,-0.055374986047460995,0.016782453305611757,0.08893989265868452,0.1443148787061455,79.26208743224605,38.584779210014446,0.06502591550774169
2025-08-22 21:00:00+00:00,1000.0,1000.0,0.0,HOLD,0.0,-0.08744647663770544,-0.016552537898656128,0.054341400840393184,0.14178787747809862,78.68820654948583,40.5333540295361,0.0677351162755443
2025-08-22 22:00:00+00:00,1000.0,1000.0,0.0,HOLD,0.0,-0.07068942402079466,-0.006021846409725736,0.058645731201343185,0.12933515522213784,76.93087662754377,42.06427408931983,0.0693911557897766
2025-08-22 23:00:00+00:00,1000.0,1000.0,0.0,HOLD,0.0,-0.07319495895161943,-0.006021846409725736,0.06115126613216795,0.13434622508378738,77.2855181013202,43.43320664152553,0.07040338533245784
2025-08-23 00:00:00+00:00,1000.0,1000.0,0.0,HOLD,0.0,-0.0724889932635205,-0.004533429788327783,0.06342213368686493,0.13591112695038543,82.4905353840251,47.07577118470849,0.07040535917320052
2025-08-23 01:00:00+00:00,1000.0,1000.0,0.0,HOLD,0.0,-0.06433866656208968,-0.003909785032557913,0.05651909649697386,0.12085776305906354,80.06549020919903,50.982077592097134,0.06984773957233847
2025-08-23 02:00:00+00:00,1000.0,1000.0,0.0,HOLD,0.0,-0.05549056201340645,0.001003788404589563,0.05749813882258557,0.11298870083599202,74.30384824935408,53.252289888577366,0.06788035097734742
2025-08-23 03:00:00+00:00,1000.0,1000.0,0.0,HOLD,0.0,-0.04359378514515244,0.014405264190565745,0.07240431352628393,0.11599809867143637,70.29538910592962,55.777241901090015,0.06554817917701934
2025-08-23 04:00:00+00:00,1000.0,1000.0,0.0,HOLD,0.0,0.015217162800835946,0.07424613141608391,0.13327510003133186,0.11805793723049592,51.28043379636638,53.24629610293003,0.06263036616829869
2025-08-23 05:00:00+00:00,1000.0,1000.0,0.0,HOLD,0.0,0.01184045671901246,0.07424613141608391,0.13665180611315536,0.1248113493941429,44.91661211688953,50.91847636032004,0.05932905100614466
2025-08-23 06:00:00+00:00,1000.0,1000.0,0.0,HOLD,0.0,0.014654193443026271,0.07424613141608391,0.13383806938914156,0.11918387594611529,45.48240374555738,49.0738334417831,0.05356557666363757
2025-08-23 07:00:00+00:00,1000.0,1000.0,0.0,HOLD,0.0,0.014104364663247063,0.07968422715541801,0.14526408964758897,0.13115972498434192,30.77039042453292,47.98817174687415,0.04538693466360433
2025-08-23 08:00:00+00:00,1000.0,1000.0,0.0,HOLD,0.0,0.012861438126727673,0.07948740425934503,0.14611337039196237,0.13325193226523468,32.456213000109244,48.21749990712541,0.03453768828770709
2025-08-23 09:00:00+00:00,1000.0,1000.0,0.0,HOLD,0.0,0.012309735856365092,0.0755880695682224,0.1388664032800797,0.12655666742371463,34.596252436124516,48.58274629226169,0.01811426300193088
2025-08-23 10:00:00+00:00,1000.0,1000.0,0.0,HOLD,0.0,-0.000622186672696895,0.07038756840941299,0.14139732349152287,0.14201951016421976,22.466396972465404,50.19935173606297,0.018605745416627933
2025-08-23 11:00:00+00:00,1000.0,1000.0,0.0,HOLD,0.0,0.0015206469213737694,0.07300700465723453,0.1444933623930953,0.14297271547172152,20.612603736924086,52.28122256727771,0.020117007845793036
2025-08-23 12:00:00+00:00,1000.0,1000.0,0.0,HOLD,0.0,0.0009947060793503854,0.07300700465723453,0.1450193032351187,0.14402459715576832,21.9216356823229,54.71645310858249,0.02165912710434992
2025-08-23 13:00:00+00:00,1000.0,1000.0,0.0,HOLD,0.0,0.009865479860014598,0.07885906111145843,0.14785264236290227,0.13798716250288767,14.519096680908774,57.13159865129668,0.022944091476488276
2025-08-23 14:00:00+00:00,1000.0,1000.0,0.0,HOLD,0.0,0.014693733333087558,0.07874713051314033,0.14280052769319312,0.12810679436010558,13.685910375454185,59.55987016170219,0.024861842089556475
2025-08-23 15:00:00+00:00,1000.0,1000.0,0.0,HOLD,0.0,0.03933124918129505,0.08873118912174285,0.13813112906219066,0.09879987988089561,21.426183029027882,62.083836794800575,0.025838800176783968
2025-08-23 16:00:00+00:00,1000.0,1000.0,0.0,HOLD,0.0,0.04170739263705971,0.0862993347673833,0.13089127689770688,0.08918388426064716,32.214186653294405,63.64147027059443,0.024912218053519775
2025-08-23 17:00:00+00:00,1000.0,1000.0,0.0,HOLD,0.0,0.060068778700850714,0.09796991352532267,0.13587104834979463,0.07580226964894392,39.36894706584703,64.62726186587751,0.023366806128121375
2025-08-23 18:00:00+00:00,1000.0,1000.0,0.0,HOLD,0.0,0.10741276853218613,0.1409684018516832,0.17452403517118026,0.06711126663899412,30.08770587935348,68.4255954751434,0.0220788786329393
2025-08-23 19:00:00+00:00,1000.0,1000.0,0.0,HOLD,0.0,0.11285051830120102,0.1397269796768208,0.16660344105244057,0.05375292275123955,28.907270128829012,71.55650603550596,0.019581590386667378
2025-08-23 20:00:00+00:00,1000.0,1000.0,0.0,HOLD,0.0,0.09618773653949844,0.12268300521744238,0.14917827389538632,0.05299053735588788,38.406228835352366,73.11113535694622,0.016290618967207182
2025-08-23 21:00:00+00:00,1000.0,1000.0,0.0,HOLD,0.0,0.07127942494829674,0.10428929261958406,0.13729916029087136,0.06601973534257462,32.80478943684899,73.97256074020648,0.014393273412960409
2025-08-23 22:00:00+00:00,1000.0,1000.0,0.0,HOLD,0.0,0.06055381495069677,0.0885051190498704,0.11645642314904404,0.055902608198347276,41.36472334127789,72.90979164876443,0.013688655558503106
2025-08-23 23:00:00+00:00,1000.0,1000.0,0.0,HOLD,0.0,0.06436161330740807,0.09517896036955667,0.12599630743170528,0.061634694124297215,43.648532905471065,71.21931859597659,0.013594422002958559
2025-08-24 00:00:00+00:00,1000.0,1000.0,0.0,HOLD,0.0,0.02048581452488756,0.04789716452131103,0.0753085145177345,0.054822699992846946,45.91560090832381,67.61209360781874,0.012745738319976808
2025-08-24 01:00:00+00:00,1000.0,1000.0,0.0,HOLD,0.0,-0.008604996662880053,0.04789255442074054,0.10439010550436112,0.11299510216724118,53.58411492965635,62.73855498820888,0.011727665348704177
2025-08-24 02:00:00+00:00,1000.0,1000.0,0.0,HOLD,0.0,0.00872546505101851,0.04775288203823612,0.08678029902545373,0.07805483397443522,46.079157935919554,58.49146199572092,0.011214240143271003
2025-08-24 03:00:00+00:00,1000.0,1000.0,0.0,HOLD,0.0,0.0033601908651120435,0.040303955133339585,0.07724771940156713,0.07388752853645508,53.654930781063086,52.508026260626835,0.010394518454373152
2025-08-24 04:00:00+00:00,1000.0,1000.0,0.0,HOLD,0.0,0.011482285698607389,0.05009291031154075,0.08870353492447411,0.07722124922586672,62.36617827983443,46.6940252172944,0.00944762969548069
2025-08-24 05:00:00+00:00,1000.0,1000.0,0.0,HOLD,0.0,0.01661541088253688,0.058263800906811845,0.0999121909310868,0.08329678004854993,54.120802469691306,40.65354189313399,0.008270947870888782
2025-08-24 06:00:00+00:00,1000.0,1000.0,0.0,HOLD,0.0,0.022145870458872542,0.06847695413384021,0.11480803780880788,0.09266216734993535,46.33252971674834,35.75973916878761,0.007770285055797856
2025-08-24 07:00:00+00:00,1000.0,1000.0,0.0,HOLD,0.0,0.02165805014749554,0.06847695413384021,0.11529585812018488,0.09363780797268934,45.2578758474014,31.54587816277755,0.007780226672490784
2025-08-24 08:00:00+00:00,1000.0,1000.0,0.0,HOLD,0.0,0.023120205331819008,0.06847695413384021,0.11383370293586141,0.0907134976040424,42.66846451084195,28.161300705407875,0.007951171806756046
2025-08-24 09:00:00+00:00,1000.0,1000.0,0.0,HOLD,0.0,0.026136669638297937,0.06847695413384021,0.11081723862938248,0.08468056899108453,42.99698579015352,24.68584636899715,0.007992683065014296
2025-08-24 10:00:00+00:00,1000.0,1000.0,0.0,HOLD,0.0,0.027132507704275943,0.07206482876819954,0.11699714983212314,0.0898646421278472,36.26428318547758,23.84651753896424,0.007479139011467763
2025-08-24 11:00:00+00:00,1000.0,1000.0,0.0,HOLD,0.0,0.027229009890972655,0.071584404288224,0.11593979868547535,0.0887107887945027,41.2998001566026,22.43936433425629,0.007691397319250707
2025-08-24 12:00:00+00:00,1000.0,1000.0,0.0,HOLD,0.0,0.026988399945765656,0.07557035735175678,0.1241523147577479,0.09716391481198225,28.210975032140254,21.254901489616266,0.008298134670370568
2025-08-24 13:00:00+00:00,1000.0,1000.0,0.0,HOLD,0.0,0.027765958548431467,0.07944636197866813,0.13112676540890478,0.1033608068604733,20.096714549851043,22.244103098849134,0.009167308625031245
2025-08-24 14:00:00+00:00,1000.0,1000.0,0.0,HOLD,0.0,0.02423477292638737,0.07473228363358696,0.12522979434078654,0.10099502141439917,20.39717891611025,25.207527298812174,0.009951415924975051
2025-08-24 15:00:00+00:00,1000.0,1000.0,0.0,HOLD,0.0,0.028950126941194976,0.0793595964989265,0.12976906605665803,0.10081893911546305,13.473951991947004,26.91198189169423,0.01091615027385995
2025-08-24 16:00:00+00:00,1000.0,1000.0,0.0,HOLD,0.0,0.030817553901211908,0.08100390033842327,0.13119024677563462,0.10037269287442271,17.58720801186226,27.93503569386994,0.011728943590135127
2025-08-24 17:00:00+00:00,1000.0,1000.0,0.0,HOLD,0.0,0.030024525962039292,0.07689524797519086,0.12376596998834243,0.09374144402630313,25.37663799340794,30.00743058729177,0.012277747265584121
2025-08-24 18:00:00+00:00,1000.0,1000.0,0.0,HOLD,0.0,0.02801592896668771,0.07498638647877591,0.12195684399086411,0.0939409150241764,29.095978306534846,30.006008884835534,0.011882532014110435
2025-08-24 19:00:00+00:00,1000.0,1000.0,0.0,HOLD,0.0,0.044619861384838824,0.09771502795859256,0.1508101945323463,0.10619033314750746,12.062397279144335,34.57440431817984,0.0203999612737808
2025-08-24 20:00:00+00:00,1000.0,1000.0,0.0,HOLD,0.0,0.04431727183264872,0.09435080529658514,0.14438433876052156,0.10006706692787284,17.257192583758354,39.40674058400451,0.024622434279509022
2025-08-24 21:00:00+00:00,1000.0,1000.0,0.0,HOLD,0.0,0.060251283552990836,0.10810192308621787,0.1559525626194449,0.09570127906645406,21.953041496152622,43.355538951884554,0.02640443896590509
2025-08-24 22:00:00+00:00,1000.0,1000.0,0.0,HOLD,0.0,0.06360117025328271,0.11327449689273524,0.16294782353218776,0.09934665327890504,31.74654144995894,46.39569111083425,0.02710464033774938
2025-08-24 23:00:00+00:00,1000.0,1000.0,0.0,HOLD,0.0,0.06257400004519204,0.11464413809303851,0.166714276140885,0.10414027609569296,32.44744314481461,48.64187408090259,0.027372464215911156
2025-08-25 00:00:00+00:00,1000.0,1000.0,0.0,HOLD,0.0,0.047495952335964056,0.10297355933509915,0.15845116633423423,0.11095521399827017,26.864693017457483,50.22634157334189,0.029258192877400595
2025-08-25 01:00:00+00:00,1000.0,1000.0,0.0,HOLD,0.0,0.04490194123756555,0.10297355933509915,0.16104517743263275,0.1161432361950672,33.360810551251646,52.18773664326005,0.02965764641155962
2025-08-25 02:00:00+00:00,1000.0,1000.0,0.0,HOLD,0.0,0.049045639513044775,0.1023231211768146,0.1556006028405844,0.10655496332753964,38.07046976692281,53.236749366146576,0.02935201924874629
2025-08-25 03:00:00+00:00,1000.0,1000.0,0.0,HOLD,0.0,0.031709332125292866,0.09464089633292715,0.15757246054056143,0.12586312841526856,35.538331155761085,53.060240726553914,0.029583176685595774
2025-08-25 04:00:00+00:00,1000.0,1000.0,0.0,HOLD,0.0,0.03058331200283408,0.09298950072649666,0.15539568945015925,0.12481237744732517,34.84986209439906,51.573824377742355,0.02982694678153616
2025-08-25 05:00:00+00:00,1000.0,1000.0,0.0,HOLD,0.0,0.027866662809805515,0.09483751204875866,0.1618083612877118,0.1339416984779063,32.91266326991121,52.579754215396626,0.030721016151900725
2025-08-25 06:00:00+00:00,1000.0,1000.0,0.0,HOLD,0.0,0.024982067131112576,0.09453991236080368,0.16409775759049477,0.1391156904593822,31.594611012483497,53.90859625830264,0.03217758464167909
2025-08-25 07:00:00+00:00,1000.0,1000.0,0.0,HOLD,0.0,0.025621647361745006,0.09453991236080368,0.16345817735986234,0.13783652999811735,28.07548033556853,55.96275843580965,0.03429057198442729
2025-08-25 08:00:00+00:00,1000.0,1000.0,0.0,HOLD,0.0,0.03244494291464851,0.09453991236080368,0.15663488180695886,0.12418993889231036,25.417140443531608,59.96658533723829,0.03581084098448674
2025-08-25 09:00:00+00:00,1000.0,1000.0,0.0,HOLD,0.0,0.028201885816862365,0.09207256516562652,0.15594324451439068,0.1277413586975283,41.82534216479897,57.8992575394842,0.03563646388844307
2025-08-25 10:00:00+00:00,1000.0,1000.0,0.0,HOLD,0.0,0.023145897318201603,0.09242092607418272,0.16169595483016383,0.13855005751196223,33.87383320995892,56.12188107829003,0.03715487015274151
2025-08-25 11:00:00+00:00,1000.0,1000.0,0.0,HOLD,0.0,0.021943564282003808,0.09111971026093928,0.16029585623987475,0.13835229195787094,34.02796290825766,56.19609634133854,0.037219145104211544
2025-08-25 12:00:00+00:00,1000.0,1000.0,0.0,HOLD,0.0,0.02292095000076029,0.09111971026093928,0.15931847052111825,0.13639752052035797,32.924995650461796,55.767852833910865,0.035956528838712545
2025-08-25 13:00:00+00:00,1000.0,1000.0,0.0,HOLD,0.0,0.028697124949001035,0.09111971026093928,0.15354229557287752,0.12484517062387648,31.841847471155873,56.53425098226758,0.03355960331622045
2025-08-25 14:00:00+00:00,1000.0,1000.0,0.0,HOLD,0.0,0.025104076920625357,0.08452881387998708,0.1439535508393488,0.11884947391872344,46.4554086542886,54.503577569791545,0.028208343472525415
2025-08-25 15:00:00+00:00,1000.0,1000.0,0.0,HOLD,0.0,0.023453153984407282,0.08478202767541364,0.14611090136642,0.12265774738201271,41.45616934990742,51.919953677882084,0.02813790680237903
2025-08-25 16:00:00+00:00,1000.0,1000.0,0.0,HOLD,0.0,0.023270401073091473,0.08628006638473006,0.14928973169636864,0.12601933062327716,40.947969702214905,50.44479108884231,0.027929037695871108
2025-08-25 17:00:00+00:00,1000.0,1000.0,0.0,HOLD,0.0,0.02503667139874019,0.08794901597985148,0.15086136056096278,0.12582468916222259,44.72533585997969,48.7178971624698,0.027361779449191267
2025-08-25 18:00:00+00:00,1000.0,1000.0,0.0,HOLD,0.0,0.02345878105391462,0.08719525236465771,0.1509317236754008,0.12747294262148617,45.96741771790006,46.56201696829272,0.025563819493021236
2025-08-25 19:00:00+00:00,1000.0,1000.0,0.0,HOLD,0.0,0.025586794071069868,0.09104883982997304,0.15651088558887621,0.13092409151780635,36.04329209026184,45.33267324546522,0.02590389880367019
2025-08-25 20:00:00+00:00,1000.0,1000.0,0.0,HOLD,0.0,0.02461460599755752,0.09029193326818859,0.15596926053881965,0.13135465454126213,31.740614334470948,44.447273362887074,0.03232456391683377
2025-08-25 21:00:00+00:00,1000.0,1000.0,0.0,HOLD,0.0,0.025945110020646353,0.08887753002434758,0.1518099500280488,0.12586484000740245,37.29986138533297,43.10250442706165,0.034715112937461115
2025-08-25 22:00:00+00:00,1000.0,1000.0,0.0,HOLD,0.0,0.02633909631150219,0.08929022481944364,0.1522413533273851,0.1259022570158829,40.387878270493296,40.40013491236395,0.03413058709224999
2025-08-25 23:00:00+00:00,1000.0,1000.0,0.0,HOLD,0.0,0.031138502056187706,0.09049137107415907,0.14984424009213043,0.11870573803594273,36.420431417157175,39.61578203349512,0.034270651105460355
2025-08-26 00:00:00+00:00,1000.0,1000.0,0.0,HOLD,0.0,0.03307831935184316,0.08881518688591934,0.14455205441999552,0.11147373506815236,35.30829342858469,39.01712071027176,0.037371631052980976
2025-08-26 01:00:00+00:00,1000.0,1000.0,0.0,HOLD,0.0,0.03552659483159053,0.08962156237591697,0.14371652992024342,0.10818993508865289,40.55650389200136,37.518396353662425,0.03791282074451361
2025-08-26 02:00:00+00:00,1000.0,1000.0,0.0,HOLD,0.0,0.03891424826372274,0.09356070114984287,0.14820715403596302,0.10929290577224028,36.19448088421279,37.24362440450666,0.03906064120290881
2025-08-26 03:00:00+00:00,1000.0,1000.0,0.0,HOLD,0.0,0.040786302766949625,0.09356070114984287,0.1463350995327361,0.10554879676578648,38.26006661802112,35.96850655414558,0.03996649587262067
2025-08-26 04:00:00+00:00,1000.0,1000.0,0.0,HOLD,0.0,0.03485071301148642,0.09356070114984287,0.1522706892881993,0.11741997627671288,32.90646787429847,37.34596790635693,0.04038292101081518
2025-08-26 05:00:00+00:00,1000.0,1000.0,0.0,HOLD,0.0,0.037416965881715496,0.0951526386519274,0.1528883114221393,0.11547134554042379,34.227409560347226,39.535520458950465,0.04003362713800192
2025-08-26 06:00:00+00:00,1000.0,1000.0,0.0,HOLD,0.0,0.031083874902642264,0.0935387976021159,0.15599372030158953,0.12490984539894727,29.920793249457205,42.29600199298689,0.04057462169213248
2025-08-26 07:00:00+00:00,1000.0,1000.0,0.0,HOLD,0.0,0.029407583317228495,0.09287081345766228,0.15633404359809605,0.12692646028086757,33.64136132898366,44.80660199030068,0.04057251651213247
2025-08-26 08:00:00+00:00,1000.0,1000.0,0.0,HOLD,0.0,0.034561634920847364,0.09735525930686352,0.16014888369287966,0.1255872487720323,32.77139648071879,47.7020101577884,0.040202573045218425
2025-08-26 09:00:00+00:00,1000.0,1000.0,0.0,HOLD,0.0,0.03393218986849919,0.09247796760060083,0.15102374533270246,0.11709155546420327,44.41407489685804,48.08638647623333,0.03975227589521542
2025-08-26 10:00:00+00:00,1000.0,1000.0,0.0,HOLD,0.0,0.032217421929107815,0.08882255189040476,0.1454276818517017,0.1132102599225939,58.28345233063447,46.10767339989312,0.03720198973359872
2025-08-26 11:00:00+00:00,1000.0,1000.0,0.0,HOLD,0.0,0.0347258930285001,0.09285723046011869,0.15098856789173729,0.11626267486323719,49.85510828417451,45.08249084676532,0.03448149732786746
2025-08-26 12:00:00+00:00,1000.0,1000.0,0.0,HOLD,0.0,0.03028333543727052,0.0887973063280202,0.14731127721876988,0.11702794178149936,50.78686171134382,44.07194692476303,0.029295319650284958
2025-08-26 13:00:00+00:00,1000.0,1000.0,0.0,HOLD,0.0,0.028325568769817983,0.0887973063280202,0.14926904388622242,0.12094347511640444,49.789856830866384,43.113717395165956,0.022638080825263657
2025-08-26 14:00:00+00:00,1000.0,1000.0,0.0,HOLD,0.0,0.017562643273055782,0.07469892100748209,0.13183519874190838,0.1142725554688526,68.64815341919912,41.469781563504334,0.012006840419475188
2025-08-26 15:00:00+00:00,1000.0,1000.0,0.0,HOLD,0.0,0.020184514702550047,0.0791361820894599,0.13808784947636976,0.11790333477381972,46.46723079983476,39.52853035146888,0.010820071010263393
2025-08-26 16:00:00+00:00,1000.0,1000.0,0.0,HOLD,0.0,0.014370820686804502,0.07376083164390583,0.13315084260100715,0.11878002191420264,56.2048520239182,36.59077084999814,0.010287849385623585
2025-08-26 17:00:00+00:00,1000.0,1000.0,0.0,HOLD,0.0,0.011928080196139265,0.07538305609142697,0.13883803198671468,0.1269099517905754,51.52145687452868,34.227930065401935,0.010238011201127276
2025-08-26 18:00:00+00:00,1000.0,1000.0,0.0,HOLD,0.0,0.011844390336518074,0.07487261450757103,0.137900838678624,0.12605644834210591,57.34718298565295,32.32003406386202,0.011608301383082237
2025-08-26 19:00:00+00:00,1000.0,1000.0,0.0,HOLD,0.0,0.004864244037956711,0.07047360607036594,0.13608296810277518,0.13121872406481846,60.5085094231869,30.204911799089782,0.014531160730232352
2025-08-26 20:00:00+00:00,1000.0,1000.0,0.0,HOLD,0.0,0.007393826151722446,0.0691004284441998,0.13080703073667715,0.12341320458495471,65.23809088457291,28.070202917208974,0.015187857322580305
2025-08-26 21:00:00+00:00,1000.0,1000.0,0.0,HOLD,0.0,0.016556863554496086,0.07666979049552185,0.1367827174365476,0.12022585388205151,64.81997215038814,26.375917896162953,0.018613071416310613
2025-08-26 22:00:00+00:00,1000.0,1000.0,0.0,HOLD,0.0,0.02778754600253204,0.08719001324827878,0.1465924804940255,0.11880493449149347,70.32614194650878,25.116100079892544,0.02210012258480097
2025-08-26 23:00:00+00:00,1000.0,1000.0,0.0,HOLD,0.0,0.03518678221948489,0.08859206910405736,0.14199735598862984,0.10681057376914495,67.72175719785113,25.40346703305488,0.024205023597540405
2025-08-27 00:00:00+00:00,1000.0,1000.0,0.0,HOLD,0.0,0.04292754783732585,0.09354091956310985,0.14415429128889384,0.10122674345156799,61.662962644630866,26.617270437402233,0.024919485255806024
2025-08-27 01:00:00+00:00,1000.0,1000.0,0.0,HOLD,0.0,0.04541808155923532,0.09331716905234867,0.14121625654546202,0.0957981749862267,65.45533142462412,27.6731062146096,0.02541160657750802
2025-08-27 02:00:00+00:00,1000.0,1000.0,0.0,HOLD,0.0,0.048455793553131656,0.09331716905234867,0.1381785445515657,0.08972275099843405,60.373863862236,28.86232521401646,0.025164088138086304
2025-08-27 03:00:00+00:00,1000.0,1000.0,0.0,HOLD,0.0,0.0427221953785204,0.08668620844291279,0.13065022150730518,0.08792802612878478,64.42367003711928,30.72426775925334,0.02565561915060889
2025-08-27 04:00:00+00:00,1000.0,1000.0,0.0,HOLD,0.0,0.03472250068971659,0.08068422792617069,0.12664595516262478,0.09192345447290819,63.54314176587522,32.52949135146579,0.02594484117290751
2025-08-27 05:00:00+00:00,1000.0,1000.0,0.0,HOLD,0.0,0.04056227754459362,0.08638541873495616,0.13220855992531869,0.09164628238072506,71.40913620470239,35.088971192867675,0.02572776340972183
2025-08-27 06:00:00+00:00,1000.0,1000.0,0.0,HOLD,0.0,0.04027563842078052,0.08618859583888318,0.13210155325698583,0.09182591483620531,61.574346155554046,37.536974985886346,0.025168559844537346
2025-08-27 07:00:00+00:00,1000.0,1000.0,0.0,HOLD,0.0,0.05505443787510772,0.09701349356841409,0.13897254926172045,0.08391811138661273,59.26564680150324,38.545738075812714,0.02369150329330492
2025-08-27 08:00:00+00:00,1000.0,1000.0,0.0,HOLD,0.0,0.057086755714398606,0.10044041522422516,0.1437940747340517,0.08670731901965309,50.915337007000865,36.89597512872589,0.02294815591752535
2025-08-27 09:00:00+00:00,1000.0,1000.0,0.0,HOLD,0.0,0.053229013006876234,0.10002688792733301,0.14682476284778978,0.09359574984091354,44.80034340729538,35.207815836238105,0.021777397233540836
2025-08-27 10:00:00+00:00,1000.0,1000.0,0.0,HOLD,0.0,0.052810779328150884,0.10002688792733301,0.14724299652651512,0.09443221719836424,44.01433270676681,32.58791219453176,0.021081160996040318
2025-08-27 11:00:00+00:00,1000.0,1000.0,0.0,HOLD,0.0,0.05233305724430432,0.09164782816887405,0.1309625990934438,0.07862954184913948,45.59219075825806,30.181215026873645,0.017684031846089444
2025-08-27 12:00:00+00:00,1000.0,1000.0,0.0,HOLD,0.0,0.04931570671730434,0.08947581307611911,0.12963591943493388,0.08032021271762954,39.428026692087805,28.18386145494279,0.015750788383881265
2025-08-27 13:00:00+00:00,1000.0,1000.0,0.0,HOLD,0.0,0.04592855626924215,0.08342701589270048,0.1209254755161588,0.07499691924691665,44.83373143939691,25.575294104715205,0.01228142216199946
2025-08-27 14:00:00+00:00,1000.0,1000.0,0.0,HOLD,0.0,0.048985267383589146,0.07689545777325589,0.10480564816292263,0.05582038077933349,58.862324178600296,24.604103412099594,0.012135082869333114
2025-08-27 15:00:00+00:00,1000.0,1000.0,0.0,HOLD,0.0,0.04417676216555559,0.07595359084055266,0.10773041951554972,0.06355365734999413,62.877205882352946,23.767583703098982,0.013218260577269573
2025-08-27 16:00:00+00:00,1000.0,1000.0,0.0,HOLD,0.0,0.043989334570520976,0.07575170707256569,0.1075140795746104,0.06352474500408942,68.41541076064026,23.78963779658606,0.01458480037224848
2025-08-27 17:00:00+00:00,1000.0,1000.0,0.0,HOLD,0.0,0.04252896694748627,0.07443544518088922,0.10634192341429217,0.0638129564668059,67.70432325084013,22.87827850062979,0.016428333372204
2025-08-27 18:00:00+00:00,1000.0,1000.0,0.0,HOLD,0.0,0.04240054704101337,0.07335926019218765,0.10431797334336193,0.06191742630234856,56.5716420724768,22.46435144552944,0.016504548128285036
2025-08-27 19:00:00+00:00,1000.0,1000.0,0.0,HOLD,0.0,0.03802858092110843,0.06826354081393181,0.09849850070675518,0.06046991978564675,62.65797682470626,20.710498551513997,0.017121493216239403
2025-08-27 20:00:00+00:00,1000.0,1000.0,0.0,HOLD,0.0,0.045051030617560016,0.07714625469645939,0.10924147877535875,0.06419044815779873,74.58109919571072,18.822834401113774,0.018777822538963065
2025-08-27 21:00:00+00:00,1000.0,1000.0,0.0,HOLD,0.0,0.04790357165297922,0.0786976546512042,0.10949173764942917,0.06158816599644995,61.87557861298534,19.03399095924997,0.018700502977543592
2025-08-27 22:00:00+00:00,1000.0,1000.0,0.0,HOLD,0.0,0.0499078567604726,0.08069012605901897,0.11147239535756534,0.06156453859709274,59.42025225225223,20.89665283200032,0.018453210532014874
2025-08-27 23:00:00+00:00,1000.0,1000.0,0.0,HOLD,0.0,0.05866604503490658,0.08883336012620559,0.1190006752175046,0.06033463018259802,56.334813042782365,22.305156000250083,0.018557620883982783
2025-08-28 00:00:00+00:00,1000.0,1000.0,0.0,HOLD,0.0,0.05917754452409281,0.08967264704521637,0.12016774956633992,0.060990205042247114,55.23591857412613,22.982460967573626,0.018606881753183032
2025-08-28 01:00:00+00:00,1000.0,1000.0,0.0,HOLD,0.0,0.058870163182919655,0.08967264704521637,0.12047513090751308,0.061604967724593424,54.73862819456842,23.57844774999219,0.018602559022983054
2025-08-28 02:00:00+00:00,1000.0,1000.0,0.0,HOLD,0.0,0.058232386735951464,0.08939564098148257,0.12055889522701368,0.06232650849106222,52.18433925071467,23.37308644724171,0.018157832433992348
2025-08-28 03:00:00+00:00,1000.0,1000.0,0.0,HOLD,0.0,0.05439412372566614,0.08425520501921803,0.11411628631276992,0.05972216258710378,56.54302083732078,22.957909888283005,0.017115453252848616
2025-08-28 04:00:00+00:00,1000.0,1000.0,0.0,HOLD,0.0,0.04342218053609864,0.08239949332893098,0.12137680612176333,0.07795462558566468,62.62127823972039,22.400843917675264,0.018762741248219295
2025-08-28 05:00:00+00:00,1000.0,1000.0,0.0,HOLD,0.0,0.044262159006138536,0.08133855283775704,0.11841494666937555,0.07415278766323702,59.51376375929934,21.278626795077432,0.019215748883230466
2025-08-28 06:00:00+00:00,1000.0,1000.0,0.0,HOLD,0.0,0.03591199667515355,0.08170726990972382,0.1275025431442941,0.09159054646914055,61.56305310671308,19.860144011323694,0.020851865428823006
2025-08-28 07:00:00+00:00,1000.0,1000.0,0.0,HOLD,0.0,0.044247451974756845,0.08285350158485291,0.12145955119494897,0.07721209922019212,58.358265422381606,18.313043037169823,0.022194349457648442
2025-08-28 08:00:00+00:00,1000.0,1000.0,0.0,HOLD,0.0,0.04371629483547756,0.08125121562503101,0.11878613641458446,0.0750698415791069,64.01128227998844,16.2822323765312,0.02308579419894659
2025-08-28 09:00:00+00:00,1000.0,1000.0,0.0,HOLD,0.0,0.04793760653739623,0.08358029720590726,0.11922298787441829,0.07128538133702206,58.91450254732882,15.490139938302136,0.023186165131213424
2025-08-28 10:00:00+00:00,1000.0,1000.0,0.0,HOLD,0.0,0.04364247318959943,0.08429608439908343,0.12494969560856742,0.08130722241896798,58.2651242230227,17.475052121229965,0.02414177271898398
2025-08-28 11:00:00+00:00,1000.0,1000.0,0.0,HOLD,0.0,0.042897277451206646,0.08297013501055535,0.12304299256990406,0.08014571511869742,69.10976362393473,18.469641628066036,0.02460262528729826
2025-08-28 12:00:00+00:00,1000.0,1000.0,0.0,HOLD,0.0,0.03293685451584251,0.0743643909213135,0.11579192732678449,0.08285507281094198,73.92076174142217,21.193162800717094,0.02567092950051431
2025-08-28 13:00:00+00:00,1000.0,1000.0,0.0,HOLD,0.0,0.03844184755687979,0.07835666121934261,0.11827147488180542,0.07982962732492563,69.2173236095505,23.44043180010347,0.025957276686523343
2025-08-28 14:00:00+00:00,1000.0,1000.0,0.0,HOLD,0.0,0.0352332681956517,0.07455993290432597,0.11388659761300024,0.07865332941734854,70.95343475830336,27.369280024997654,0.026407688618101912
2025-08-28 15:00:00+00:00,1000.0,1000.0,0.0,HOLD,0.0,0.03804749485772481,0.07767672351811368,0.11730595217850255,0.07925845732077774,61.46709591009918,30.31904506766596,0.026303502415552283
2025-08-28 16:00:00+00:00,1000.0,1000.0,0.0,HOLD,0.0,0.034336171106701015,0.0792790094779356,0.1242218478491702,0.0898856767424692,58.8311201587694,32.88353356194052,0.02632323695552135
2025-08-28 17:00:00+00:00,1000.0,1000.0,0.0,HOLD,0.0,0.039522806069984484,0.0805956847223643,0.1216685633747441,0.08214575730475962,54.55947126209862,34.867933559676594,0.02516218092245953
2025-08-28 18:00:00+00:00,1000.0,1000.0,0.0,HOLD,0.0,0.036283507513312385,0.08127175854069883,0.12626000956808528,0.0899765020547729,41.034218644514276,34.66386411839205,0.02349140188739368
2025-08-28 19:00:00+00:00,1000.0,1000.0,0.0,HOLD,0.0,0.04184952975903441,0.08638162007120644,0.13091371038337846,0.08906418062434404,37.00590268487526,36.029888137979775,0.021639731364056617
2025-08-28 20:00:00+00:00,1000.0,1000.0,0.0,HOLD,0.0,0.0365730447555315,0.08626193549499862,0.13595082623446575,0.09937778147893425,30.151998135215365,38.3586135240112,0.019883746005908202
2025-08-28 21:00:00+00:00,1000.0,1000.0,0.0,HOLD,0.0,0.03422194955917623,0.08282237022159289,0.13142279088400954,0.09720084132483331,33.6295637115785,41.27631690915672,0.018873483617716885
2025-08-28 22:00:00+00:00,1000.0,1000.0,0.0,HOLD,0.0,0.035957319780363435,0.07801148546687661,0.1200656511533898,0.08410833137302637,39.14038313627002,42.211898080362324,0.016584491330666043
2025-08-28 23:00:00+00:00,1000.0,1000.0,0.0,HOLD,0.0,0.035415974611495746,0.07765576626328369,0.11989555791507163,0.08447958330357588,45.952223422638674,41.83577837856353,0.015653595199536713
2025-08-29 00:00:00+00:00,1000.0,1000.0,0.0,HOLD,0.0,0.04833385065923778,0.08944864596335236,0.13056344126746694,0.08222959060822915,37.401595144408766,39.981373367697984,0.015955721337754455
2025-08-29 01:00:00+00:00,1000.0,1000.0,0.0,HOLD,0.0,0.05125292938520693,0.09630892574878228,0.14136492211235763,0.0901119927271507,32.95184475323438,39.849709442505734,0.018362271668162407
2025-08-29 02:00:00+00:00,1000.0,1000.0,0.0,HOLD,0.0,0.05217573997048006,0.09813731912838945,0.14409889828629885,0.09192315831581879,26.73181985595012,38.97524566745104,0.01979429864655625
2025-08-29 03:00:00+00:00,1000.0,1000.0,0.0,HOLD,0.0,0.0548045104846781,0.09748688097010492,0.14016925145553175,0.08536474097085364,35.108290616573754,38.804185979093475,0.02006239621503677
2025-08-29 04:00:00+00:00,1000.0,1000.0,0.0,HOLD,0.0,0.05145919324584871,0.09882425743931976,0.1461893216327908,0.09473012838694209,27.49213412073918,37.578258209270565,0.020463867443130595
2025-08-29 05:00:00+00:00,1000.0,1000.0,0.0,HOLD,0.0,0.052700452093163486,0.09965544633688563,0.14661044058060776,0.09390998848744428,29.83439799514167,37.43242511590604,0.02156631237506197
2025-08-29 06:00:00+00:00,1000.0,1000.0,0.0,HOLD,0.0,0.05182554927396579,0.09965544633688563,0.14748534339980546,0.09565979412583966,32.88061643411247,37.78987428418496,0.02169892725809986
2025-08-29 07:00:00+00:00,1000.0,1000.0,0.0,HOLD,0.0,0.05346624261417299,0.10385443452845153,0.15424262644273007,0.10077638382855708,22.252758194925633,40.038472332344284,0.026843333270693596
2025-08-29 08:00:00+00:00,1000.0,1000.0,0.0,HOLD,0.0,0.053001196494961406,0.10674907087088441,0.1604969452468074,0.107495748751846,20.446917752925046,44.42648200054413,0.031149525747971394
2025-08-29 09:00:00+00:00,1000.0,1000.0,0.0,HOLD,0.0,0.05508638141226874,0.10804789875053238,0.16100941608879601,0.10592303467652728,25.349209400571127,47.045185456403225,0.034183139386690174
2025-08-29 10:00:00+00:00,1000.0,1000.0,0.0,HOLD,0.0,0.053413085387159095,0.10464206261703789,0.1558710398469167,0.1024579544597576,29.1896796418102,48.3982799966869,0.034480404609436785
2025-08-29 11:00:00+00:00,1000.0,1000.0,0.0,HOLD,0.0,0.05337787958376042,0.10441204037108807,0.15544620115841573,0.10206832157465531,28.691814159291795,49.00542832238891,0.03496834759004186
2025-08-29 12:00:00+00:00,1000.0,1000.0,0.0,HOLD,0.0,0.05046690788846847,0.10198018601672852,0.15349346414498857,0.1030265562565201,33.31850662650346,49.4666880910235,0.034506213713476674
2025-08-29 13:00:00+00:00,1000.0,1000.0,0.0,HOLD,0.0,0.04549355500916946,0.10576089456985736,0.16602823413054527,0.1205346791213758,22.22156225016934,51.91022980386996,0.037677335369390455
2025-08-29 14:00:00+00:00,1000.0,1000.0,0.0,HOLD,0.0,0.04721888212272253,0.10907330794885643,0.17092773377499032,0.12370885165226779,20.444324319534175,54.21969349557959,0.04323772322342413
2025-08-29 15:00:00+00:00,1000.0,1000.0,0.0,HOLD,0.0,0.03408689547651504,0.09908924934025391,0.1640916032039928,0.13000470772747774,25.175426653959747,54.37452075734185,0.04718963716958947
2025-08-29 16:00:00+00:00,1000.0,1000.0,0.0,HOLD,0.0,0.03447164699421314,0.10138223585444471,0.16829282471467627,0.13382117772046315,29.110311739525926,53.41323040419802,0.049086500525633826
2025-08-29 17:00:00+00:00,1000.0,1000.0,0.0,HOLD,0.0,0.03019058373395861,0.10077546140672793,0.17136033907949724,0.14116975534553863,24.90600076253294,52.621072108531436,0.050594525387078586
2025-08-29 18:00:00+00:00,1000.0,1000.0,0.0,HOLD,0.0,0.03072844672671249,0.10077546140672793,0.17082247608674336,0.14009402936003088,24.457276092144298,52.1212784608573,0.051254063124116234
2025-08-29 19:00:00+00:00,1000.0,1000.0,0.0,HOLD,0.0,0.03521141275844633,0.09858007380895455,0.16194873485946276,0.12673732210101643,25.94475854146671,50.743247243897635,0.04978930444468736
2025-08-29 20:00:00+00:00,1000.0,1000.0,0.0,HOLD,0.0,0.032407423198106605,0.09865647512010696,0.1649055270421073,0.1324981038440007,24.411123347214414,49.410373024621265,0.04940694465312364
2025-08-29 21:00:00+00:00,1000.0,1000.0,0.0,HOLD,0.0,0.03291405830207941,0.09352798701086897,0.15414191571965852,0.1212278574175791,37.49507968911595,45.80975303098542,0.04840528843284473
2025-08-29 22:00:00+00:00,1000.0,1000.0,0.0,HOLD,0.0,0.03948194064823208,0.09672692012008331,0.15397189959193455,0.11448995894370248,39.51204848615121,41.310876907380596,0.04699738927151726
2025-08-29 23:00:00+00:00,1000.0,1000.0,0.0,HOLD,0.0,0.04215471146106703,0.09513498261799878,0.14811525377493054,0.10596054231386351,37.9954125993491,36.49913316419767,0.04381850035576544
2025-08-30 00:00:00+00:00,1000.0,1000.0,0.0,HOLD,0.0,0.041669671915590394,0.09513498261799878,0.14860029332040717,0.10693062140481677,34.899061730491724,32.48184120664179,0.04037137115666601
2025-08-30 01:00:00+00:00,1000.0,1000.0,0.0,HOLD,0.0,0.04259571702809038,0.09612553933565578,0.14965536164322119,0.1070596446151308,29.338415251991464,29.947333213404217,0.03827608771585175
2025-08-30 02:00:00+00:00,1000.0,1000.0,0.0,HOLD,0.0,0.039237539608639606,0.09612553933565578,0.15301353906267195,0.11377599945403236,25.93047101597277,32.84113424519161,0.033900333888410614
2025-08-30 03:00:00+00:00,1000.0,1000.0,0.0,HOLD,0.0,0.03848104280049094,0.09302966382546808,0.14757828485044522,0.10909724204995427,43.49835406282508,32.08695112968647,0.03233083688500884
2025-08-30 04:00:00+00:00,1000.0,1000.0,0.0,HOLD,0.0,0.039754427626914855,0.0896196829765493,0.13948493832618375,0.09973051069926889,52.79043253353182,28.735832699755747,0.031437582621090476
2025-08-30 05:00:00+00:00,1000.0,1000.0,0.0,HOLD,0.0,0.042013995307098935,0.09159118278947916,0.14116837027185938,0.09915437496476046,49.529311030981304,26.378557849505057,0.03001672397017206
2025-08-30 06:00:00+00:00,1000.0,1000.0,0.0,HOLD,0.0,0.03760911489252544,0.08980976659340416,0.14201041829428288,0.10440130340175743,44.996250463826705,24.33130641845619,0.02744789927160416
2025-08-30 07:00:00+00:00,1000.0,1000.0,0.0,HOLD,0.0,0.04150353764917046,0.09029288139856013,0.13908222514794982,0.09757868749877936,50.76275203553313,22.508474625437646,0.02374025973240815
2025-08-30 08:00:00+00:00,1000.0,1000.0,0.0,HOLD,0.0,0.005391381799970604,0.06948829301905822,0.13358520423814585,0.12819382243817523,55.96633103113347,19.878677355351915,0.013002798232086143
2025-08-30 09:00:00+00:00,1000.0,1000.0,0.0,HOLD,0.0,-0.007218600443554775,0.05889840114803289,0.12501540273962056,0.13223400318317532,54.334666553201316,18.514429035309355,0.011232638713802515
2025-08-30 10:00:00+00:00,1000.0,1000.0,0.0,HOLD,0.0,-0.0030986221539026568,0.05981596362370407,0.12273054940131078,0.12582917155521345,60.31596084025321,16.361850705476545,0.011257747168477723
2025-08-30 11:00:00+00:00,1000.0,1000.0,0.0,HOLD,0.0,-0.005766974394711626,0.05815464896414812,0.12207627232300786,0.1278432467177195,54.181057989456505,15.425534151032348,0.01167169590897262
2025-08-30 12:00:00+00:00,1000.0,1000.0,0.0,HOLD,0.0,-0.0045460668088313436,0.05694661206071903,0.11843929093026939,0.12298535773910074,54.29733186135738,15.130905343929683,0.011476219014637043
2025-08-30 13:00:00+00:00,1000.0,1000.0,0.0,HOLD,0.0,0.005504197714506394,0.05769822327189147,0.10989224882927653,0.10438805111477015,52.719367756725134,15.763500271866963,0.011551760573542517
2025-08-30 14:00:00+00:00,1000.0,1000.0,0.0,HOLD,0.0,0.016510526387428087,0.05636138828581374,0.09621225018419939,0.0797017237967713,56.27021923552199,15.16933432256226,0.011795013645703822
2025-08-30 15:00:00+00:00,1000.0,1000.0,0.0,HOLD,0.0,0.018023037314971978,0.05791801157152116,0.09781298582807035,0.07978994851309837,81.79565954287943,16.416267960871938,0.0125112871993309
2025-08-30 16:00:00+00:00,1000.0,1000.0,0.0,HOLD,0.0,0.014279943083200554,0.05569564546528858,0.0971113478473766,0.08283140476417605,76.41881220002203,14.647405757034932,0.011860700631809369
2025-08-30 17:00:00+00:00,1000.0,1000.0,0.0,HOLD,0.0,0.018539610860101682,0.05628358002072172,0.09402754918134176,0.07548793832124008,63.070334005896264,13.942949080079712,0.012226493771961139
2025-08-30 18:00:00+00:00,1000.0,1000.0,0.0,HOLD,0.0,0.0296033457547195,0.06748283196596279,0.10536231817720608,0.07575897242248658,61.03848024448536,14.411395289341149,0.01245324316205688
2025-08-30 19:00:00+00:00,1000.0,1000.0,0.0,HOLD,0.0,0.03249933055926856,0.06862048825063828,0.104741645942008,0.07224231538273942,67.45995456557927,16.262524829073296,0.012789529322341906
2025-08-30 20:00:00+00:00,1000.0,1000.0,0.0,HOLD,0.0,0.03289864607131515,0.0684236653545653,0.10394868463781545,0.0710500385665003,60.7123727905733,17.181053413750035,0.012756499914850377
2025-08-30 21:00:00+00:00,1000.0,1000.0,0.0,HOLD,0.0,0.035261304050516196,0.06594339483095264,0.09662548561138909,0.061364181560872894,52.323576308973394,17.98319218213271,0.008919075480840961
2025-08-30 22:00:00+00:00,1000.0,1000.0,0.0,HOLD,0.0,0.03459539173911508,0.06870072143502627,0.10280605113093746,0.06821065939182239,48.6826877741422,17.78912131465353,0.005895475647390327
2025-08-30 23:00:00+00:00,1000.0,1000.0,0.0,HOLD,0.0,0.027464107514033803,0.06343654463797023,0.09940898176190666,0.07194487424787285,59.13645651083402,18.429067003506958,0.006000774963315322
2025-08-31 00:00:00+00:00,1000.0,1000.0,0.0,HOLD,0.0,0.02750919162211979,0.0649997649051594,0.102490338188199,0.07498114656607921,72.7597990329762,21.339677854528464,0.008574460077890592
2025-08-31 01:00:00+00:00,1000.0,1000.0,0.0,HOLD,0.0,0.021342392043235014,0.056874111535461076,0.09240583102768714,0.07106343898445212,69.69311345757443,24.52535617528994,0.01021874165300374
2025-08-31 02:00:00+00:00,1000.0,1000.0,0.0,HOLD,0.0,0.02760949816991591,0.06114769833597359,0.09468589850203127,0.06707640033211536,64.94631665090375,28.029414743363798,0.010436506299167625
2025-08-31 03:00:00+00:00,1000.0,1000.0,0.0,HOLD,0.0,0.02397457843062216,0.057930208723030986,0.09188583901543981,0.06791126058481765,67.6891490209297,31.962610552540745,0.010886479163240191
2025-08-31 04:00:00+00:00,1000.0,1000.0,0.0,HOLD,0.0,0.021566488068488425,0.0589035080664858,0.09624052806448319,0.07467403999599476,53.45311346295848,33.34803029713338,0.010707734268258405
2025-08-31 05:00:00+00:00,1000.0,1000.0,0.0,HOLD,0.0,0.021314128090926067,0.0581294696824885,0.09494481127405094,0.07363068318312488,47.288519890898684,30.710952047997512,0.010423796246608158
2025-08-31 06:00:00+00:00,1000.0,1000.0,0.0,HOLD,0.0,0.0206946783343687,0.0581294696824885,0.0955642610306083,0.07486958269623961,47.609395435482234,27.869589163260436,0.009904388562105201
2025-08-31 07:00:00+00:00,1000.0,1000.0,0.0,HOLD,0.0,0.023823349789631236,0.0581294696824885,0.09243558957534576,0.06861223978571451,48.134865451706276,26.82559916658492,0.009875843843493015
2025-08-31 08:00:00+00:00,1000.0,1000.0,0.0,HOLD,0.0,0.02602635729968534,0.057979242199180374,0.0899321270986754,0.06390576979899007,55.89179633168237,27.464711334188895,0.009783874017174468
2025-08-31 09:00:00+00:00,1000.0,1000.0,0.0,HOLD,0.0,0.021546176290139427,0.05653566379739522,0.09152515130465101,0.06997897501451159,44.11273294776449,25.02342023133994,0.0098408361721992
2025-08-31 10:00:00+00:00,1000.0,1000.0,0.0,HOLD,0.0,0.023452519746858594,0.05653566379739522,0.08961880784793184,0.06616628810107325,48.30916943751991,23.379075916673322,0.01001597250634407
2025-08-31 11:00:00+00:00,1000.0,1000.0,0.0,HOLD,0.0,0.024472026214388536,0.058275230966289344,0.09207843571819016,0.06760640950380162,46.325477257528746,21.746055546858233,0.010698838700768857
2025-08-31 12:00:00+00:00,1000.0,1000.0,0.0,HOLD,0.0,0.02876160777273014,0.0627900608438022,0.09681851391487427,0.06805690614214413,45.93496530652623,21.87765574110718,0.011509957098163583
2025-08-31 13:00:00+00:00,1000.0,1000.0,0.0,HOLD,0.0,0.01769807418743482,0.05490424837196998,0.09211042255650514,0.07441234836907032,42.19988015180778,21.256622109917362,0.011931504209838972
2025-08-31 14:00:00+00:00,1000.0,1000.0,0.0,HOLD,0.0,0.010914047544248906,0.05431618971513602,0.09771833188602314,0.08680428434177423,27.294449179471854,21.59345290119432,0.012206646802213032
2025-08-31 15:00:00+00:00,1000.0,1000.0,0.0,HOLD,0.0,0.017908034470968393,0.054602837984686736,0.09129764149840508,0.07338960702743669,36.96576998317141,20.277182835696912,0.012203513637232967
2025-08-31 16:00:00+00:00,1000.0,1000.0,0.0,HOLD,0.0,0.01304814282410885,0.047992571515366136,0.08293700020662342,0.06988885738251457,43.26069302777999,17.82309544617893,0.012221102841927322
2025-08-31 17:00:00+00:00,1000.0,1000.0,0.0,HOLD,0.0,0.014547270947313125,0.04935006184279545,0.08415285273827777,0.06960558179096465,45.02494342839094,14.294274691240437,0.012220764958929115
2025-08-31 18:00:00+00:00,1000.0,1000.0,0.0,HOLD,0.0,0.022699455978739003,0.05105248916869401,0.07940552235864902,0.05670606637991002,58.030790776382354,14.223393327763327,0.01229907493297153
2025-08-31 19:00:00+00:00,1000.0,1000.0,0.0,HOLD,0.0,0.019958327433783146,0.051213121037274115,0.08246791464076508,0.06250958720698194,53.91103220531152,15.649893026903898,0.01232401177255407
2025-08-31 20:00:00+00:00,1000.0,1000.0,0.0,HOLD,0.0,0.02045713523331128,0.05105248916869401,0.08164784310407674,0.061190707870765464,58.49792495976983,17.349006293121324,0.01164475548510093
2025-08-31 21:00:00+00:00,1000.0,1000.0,0.0,HOLD,0.0,0.01893420623819654,0.05130224475180939,0.08367028326542224,0.0647360770272257,56.75984402414412,18.52688409954121,0.010595892294084159
2025-08-31 22:00:00+00:00,1000.0,1000.0,0.0,HOLD,0.0,0.017555968234797846,0.050331383471739106,0.08310679870868037,0.06555083047388252,47.54733958793736,17.242359983318973,0.009999271854593678
2025-08-31 23:00:00+00:00,1000.0,1000.0,0.0,HOLD,0.0,0.024251264205115843,0.06001609143426415,0.09578091866341246,0.07152965445829662,44.59447719516006,18.596373904866816,0.010197737677167109
2025-09-01 00:00:00+00:00,1000.0,1000.0,0.0,HOLD,0.0,0.031170079448431767,0.0666455669405097,0.10212105443258764,0.07095097498415587,42.92789322973359,20.74765683865213,0.011016815626218559
2025-09-01 01:00:00+00:00,1000.0,1000.0,0.0,HOLD,0.0,0.025203684644279724,0.06409708932692461,0.1029904940095695,0.07778680936528978,44.77108202275667,22.519591356147163,0.011926108268964633
2025-09-01 02:00:00+00:00,1000.0,1000.0,0.0,HOLD,0.0,0.025834319510096806,0.06730589486922166,0.10877747022834651,0.0829431507182497,37.38320142035834,25.188073170183518,0.01477874794587948
2025-09-01 03:00:00+00:00,1000.0,1000.0,0.0,HOLD,0.0,0.02839962241875261,0.06915196539556138,0.10990430837237017,0.08150468595361757,35.84275580756835,27.027957167422322,0.016749503635997726
2025-09-01 04:00:00+00:00,1000.0,1000.0,0.0,HOLD,0.0,0.030493028758539847,0.07419626841174122,0.11789950806494259,0.08740647930640275,31.619718554491342,26.618355823154648,0.018829589773125505
2025-09-01 05:00:00+00:00,1000.0,1000.0,0.0,HOLD,0.0,0.03278229992214783,0.07809438474144191,0.12340646956073599,0.09062416963858816,34.040685303765656,28.165885127077726,0.019525525319641048
2025-09-01 06:00:00+00:00,1000.0,1000.0,0.0,HOLD,0.0,0.033744602985997824,0.07281663371781781,0.1118886644496378,0.07814406146363997,36.06580272175129,30.190622797660787,0.01977249999622081
2025-09-01 07:00:00+00:00,1000.0,1000.0,0.0,HOLD,0.0,0.041978481905966175,0.07893751465305736,0.11589654740014854,0.07391806549418237,55.017298665923356,28.93413732733527,0.02139833804653575
2025-09-01 08:00:00+00:00,1000.0,1000.0,0.0,HOLD,0.0,0.043086629169654604,0.07893751465305736,0.1147884001364601,0.0717017709668055,55.06104576834578,27.577456338357468,0.02315716970561131
2025-09-01 09:00:00+00:00,1000.0,1000.0,0.0,HOLD,0.0,0.03761914143130006,0.0804140247502212,0.12320890806914235,0.08558976663784229,57.023392393570965,25.94967417292428,0.024448897690848098
2025-09-01 10:00:00+00:00,1000.0,1000.0,0.0,HOLD,0.0,0.04023964520259994,0.08812969603641597,0.136019746870232,0.09578010166763205,44.5279618765392,25.351933739191022,0.024420620879971027
2025-09-01 11:00:00+00:00,1000.0,1000.0,0.0,HOLD,0.0,0.03139967336648409,0.07665594017454956,0.12191220698261504,0.09051253361613096,47.51798512020333,24.920845029729975,0.024401066116580945
2025-09-01 12:00:00+00:00,1000.0,1000.0,0.0,HOLD,0.0,0.02447410535022875,0.07445741361581436,0.12444072188139996,0.0999666165311712,51.95544288932424,25.639598674756517,0.024615913404644047
2025-09-01 13:00:00+00:00,1000.0,1000.0,0.0,HOLD,0.0,0.02467992332551234,0.07473855862321001,0.12479719392090768,0.10011727059539535,58.19172122474272,24.75356339317693,0.02464913312244669
2025-09-01 14:00:00+00:00,1000.0,1000.0,0.0,HOLD,0.0,0.023197572374118444,0.07374057194068633,0.1242835715072542,0.10108599913313576,59.54154183503038,23.645439646970228,0.024649102856594617
2025-09-01 15:00:00+00:00,1000.0,1000.0,0.0,HOLD,0.0,0.02278375067242415,0.0751075586893666,0.12743136670630906,0.10464761603388491,56.1762053092242,22.33836153402623,0.024548998639285457
2025-09-01 16:00:00+00:00,1000.0,1000.0,0.0,HOLD,0.0,0.00014171830525046974,0.06014237054375065,0.12014302278225084,0.12000130447700036,62.55010585132222,20.995428326259823,0.02420864690224807
2025-09-01 17:00:00+00:00,1000.0,1000.0,0.0,HOLD,0.0,-0.0019109043226130662,0.05844800250553898,0.11880690933369102,0.12071781365630409,63.426088724881744,19.369828239367624,0.024083496080852772
2025-09-01 18:00:00+00:00,1000.0,1000.0,0.0,HOLD,0.0,0.0001544793957448179,0.058315265606609566,0.11647605181747431,0.1163215724217295,69.14310329685024,17.905794954335484,0.0245499056928683
2025-09-01 19:00:00+00:00,1000.0,1000.0,0.0,HOLD,0.0,0.00012983152612525833,0.058315265606609566,0.11650069968709387,0.11637086816096862,65.54371727989543,15.825289052524962,0.024821360554521676
2025-09-01 20:00:00+00:00,1000.0,1000.0,0.0,HOLD,0.0,0.0009757152820027634,0.059720728670358485,0.11846574205871421,0.11749002677671144,59.05112594701402,12.33959104964582,0.024582923835174166
2025-09-01 21:00:00+00:00,1000.0,1000.0,0.0,HOLD,0.0,0.004435198543253777,0.069541924090034,0.13464864963681422,0.13021345109356045,30.557362208007262,15.15204248216258,0.025290452050454236
2025-09-01 22:00:00+00:00,1000.0,1000.0,0.0,HOLD,0.0,-0.0008033438467205112,0.06366033230827804,0.1281240084632766,0.1289273523099971,37.778679076121875,18.774992534769243,0.02368914324723254
2025-09-01 23:00:00+00:00,1000.0,1000.0,0.0,HOLD,0.0,0.0009737731365641461,0.06283165659119044,0.12468954004581674,0.1237157669092526,47.35085508151644,20.576877428257255,0.022188620082318172
2025-09-02 00:00:00+00:00,1000.0,1000.0,0.0,HOLD,0.0,-0.0025069071509444887,0.05609008833400577,0.11468708381895604,0.11719399096990052,55.03648349382343,19.762028032891642,0.018730844386583904
2025-09-02 01:00:00+00:00,1000.0,1000.0,0.0,HOLD,0.0,-0.007291054251378194,0.05058973103313306,0.10847051631764432,0.1157615705690225,55.61960692857288,18.48671351534743,0.016876169797476127
2025-09-02 02:00:00+00:00,1000.0,1000.0,0.0,HOLD,0.0,-0.01601897452689509,0.04856710684314319,0.11315318821318147,0.12917216274007656,60.68436908375144,18.154467627567456,0.01823022290019681
2025-09-02 03:00:00+00:00,1000.0,1000.0,0.0,HOLD,0.0,-0.011521671018082366,0.05476961946285808,0.12106090994379852,0.13258258096188089,62.21417915922812,17.932461129245763,0.02080563765624763
2025-09-02 04:00:00+00:00,1000.0,1000.0,0.0,HOLD,0.0,-0.0041583020024472395,0.05476961946285808,0.1136975409281634,0.11785584293061063,61.18233207671876,17.36614899284158,0.022749258458840623
2025-09-02 05:00:00+00:00,1000.0,1000.0,0.0,HOLD,0.0,-0.0029322379390880338,0.055367634160869594,0.11366750626082722,0.11659974419991526,64.41296832361348,17.56787926291778,0.02421633213384215
2025-09-02 06:00:00+00:00,1000.0,1000.0,0.0,HOLD,0.0,-0.003929350173961649,0.0548003804261471,0.11353011102625585,0.1174594612002175,65.70783274255797,17.20789958795577,0.025527857031105564
2025-09-02 07:00:00+00:00,1000.0,1000.0,0.0,HOLD,0.0,-0.0018982094556337509,0.0560515202127253,0.11400124988108436,0.11589945933671811,62.832197439277685,17.408500829654404,0.02635035006931119
2025-09-02 08:00:00+00:00,1000.0,1000.0,0.0,HOLD,0.0,-0.0029908920622667354,0.055000933165848157,0.11299275839396306,0.1159836504562298,61.42004135686412,17.04843996457047,0.0275485250086363
2025-09-02 09:00:00+00:00,1000.0,1000.0,0.0,HOLD,0.0,0.0009350454891649956,0.055941726079083404,0.11094840666900181,0.11001336117983682,62.398981467700274,16.796360990921993,0.02862728704806788
2025-09-02 10:00:00+00:00,1000.0,1000.0,0.0,HOLD,0.0,0.0017448284596174313,0.05595983307778153,0.11017483769594563,0.1084300092363282,64.14986270098592,19.584725785518696,0.029155746505345116
2025-09-02 11:00:00+00:00,1000.0,1000.0,0.0,HOLD,0.0,0.0033779402720555754,0.05849595612211012,0.11361397197216466,0.1102360317001091,72.61740913431835,20.14519674927567,0.028483434822111756
2025-09-02 12:00:00+00:00,1000.0,1000.0,0.0,HOLD,0.0,0.011442579741397958,0.06490359868699179,0.11836461763258563,0.10692203789118768,53.844435244872905,17.372002242252506,0.028441133883263636
2025-09-02 13:00:00+00:00,1000.0,1000.0,0.0,HOLD,0.0,-0.010173049600228232,0.05451865824271716,0.11921036608566256,0.1293834156858908,65.60779634958239,16.811576933185115,0.030595586510481942
2025-09-02 14:00:00+00:00,1000.0,1000.0,0.0,HOLD,0.0,-0.010503604630899943,0.05321744242947374,0.11693848948984742,0.12744209412074736,68.88987333731824,18.236799540938147,0.033198805315860884
2025-09-02 15:00:00+00:00,1000.0,1000.0,0.0,HOLD,0.0,0.00018554999736918043,0.05697113742028184,0.1137567248431945,0.11357117484582532,61.84854012031646,19.642621174800194,0.033834877272521664
2025-09-02 16:00:00+00:00,1000.0,1000.0,0.0,HOLD,0.0,0.004843238401900922,0.0627239937131506,0.12060474902440027,0.11576151062249934,54.90011691150321,19.815741011863803,0.033477689607212695
2025-09-02 17:00:00+00:00,1000.0,1000.0,0.0,HOLD,0.0,0.00425092709759145,0.063396559156911,0.12254219121623056,0.1182912641186391,55.32172030170393,19.52674842080877,0.02867707269873688
2025-09-02 18:00:00+00:00,1000.0,1000.0,0.0,HOLD,0.0,0.007358244806116659,0.06514478200772879,0.12293131920934092,0.11557307440322426,52.887645645965804,19.430421452529256,0.02508600905501958
2025-09-02 19:00:00+00:00,1000.0,1000.0,0.0,HOLD,0.0,0.006375714155282666,0.06367289572820482,0.12097007730112698,0.11459436314584431,55.07845613843956,18.945162088898996,0.023981257689627725
2025-09-02 20:00:00+00:00,1000.0,1000.0,0.0,HOLD,0.0,0.002927580968471677,0.06078127438413081,0.11863496779978994,0.11570738683131826,58.242824140004466,17.824728973477143,0.02300061037205636
2025-09-02 21:00:00+00:00,1000.0,1000.0,0.0,HOLD,0.0,0.0055746289359950435,0.06302665909794933,0.12047868925990361,0.11490406032390857,56.92583215924514,16.931386855626346,0.021579151417466687
2025-09-02 22:00:00+00:00,1000.0,1000.0,0.0,HOLD,0.0,0.0032357182196660894,0.06146994812423723,0.11970417802880837,0.11646845980914228,56.9547242421199,15.899534615557021,0.022243439981182302
2025-09-02 23:00:00+00:00,1000.0,1000.0,0.0,HOLD,0.0,0.004604473528551027,0.06146994812423723,0.11833542271992342,0.11373094919137239,56.167799780304605,14.928453444667099,0.022771094202368905
2025-09-03 00:00:00+00:00,1000.0,1000.0,0.0,HOLD,0.0,0.005272600743849776,0.06122019254112185,0.11716778433839392,0.11189518359454415,58.689028748979375,12.632308493075277,0.023334043931099443
2025-09-03 01:00:00+00:00,1000.0,1000.0,0.0,HOLD,0.0,0.006305074208646559,0.06136612943211773,0.1164271846555889,0.11012211044694234,62.140151642570366,9.955455767634932,0.02333716796279091
2025-09-03 02:00:00+00:00,1000.0,1000.0,0.0,HOLD,0.0,0.004378055262111186,0.05961790658129995,0.11485775790048872,0.11047970263837753,74.75376061592044,11.940447260402257,0.023723937546981523
2025-09-03 03:00:00+00:00,1000.0,1000.0,0.0,HOLD,0.0,0.006545300778843924,0.06456972956416503,0.12259415834948613,0.1160488575706422,48.484810214507,11.09914049330364,0.023383257774272737
2025-09-03 04:00:00+00:00,1000.0,1000.0,0.0,HOLD,0.0,0.004565603902176585,0.06456972956416503,0.12457385522615347,0.12000825132397688,44.32666682271268,9.67544918033946,0.02312384866931601
2025-09-03 05:00:00+00:00,1000.0,1000.0,0.0,HOLD,0.0,0.007343764966871932,0.06536819375219304,0.12339262253751414,0.1160488575706422,47.43097994876286,8.774717457785083,0.022929551018613357
2025-09-03 06:00:00+00:00,1000.0,1000.0,0.0,HOLD,0.0,0.007235872068654961,0.06536819375219304,0.12350051543573111,0.11626464336707615,48.89155719636542,8.731524921569747,0.022382328439042427
2025-09-03 07:00:00+00:00,1000.0,1000.0,0.0,HOLD,0.0,0.00718994927007377,0.06421345805915597,0.12123696684823818,0.1140470175781644,53.05957177846259,8.683774953427854,0.020218469541550235
2025-09-03 08:00:00+00:00,1000.0,1000.0,0.0,HOLD,0.0,-0.012545913464970943,0.04232546197698872,0.09719683741894838,0.10974275088391933,56.55289048574766,9.810460928267464,0.008803564023709146
2025-09-03 09:00:00+00:00,1000.0,1000.0,0.0,HOLD,0.0,-0.007714649062937111,0.04543272496164503,0.09858009898622716,0.10629474804916428,58.48665683250639,10.802609209966729,0.009021052147248253
2025-09-03 10:00:00+00:00,1000.0,1000.0,0.0,HOLD,0.0,-0.004538348072021817,0.05077132768362071,0.10608100343926323,0.11061935151128505,50.62798542276378,11.106185616004614,0.00925131336020958
2025-09-03 11:00:00+00:00,1000.0,1000.0,0.0,HOLD,0.0,-0.005041268894769482,0.04475893772256765,0.09455914433990478,0.09960041323467426,56.90622591111984,11.290751986700398,0.009488181965517564
2025-09-03 12:00:00+00:00,1000.0,1000.0,0.0,HOLD,0.0,0.009012892621698278,0.05511504477644156,0.10121719693118483,0.09220430430948656,46.9507596830223,11.330789081721436,0.009118742930209018
2025-09-03 13:00:00+00:00,1000.0,1000.0,0.0,HOLD,0.0,0.014126547840274374,0.054327998681191016,0.09452944952210765,0.08040290168183328,54.24332794177136,11.51459126612059,0.00940364633167599
2025-09-03 14:00:00+00:00,1000.0,1000.0,0.0,HOLD,0.0,0.009508674952897804,0.04937547531088763,0.08924227566887746,0.07973360071597965,63.32994800482633,11.634551335523852,0.012192581813834048
2025-09-03 15:00:00+00:00,1000.0,1000.0,0.0,HOLD,0.0,0.012260627673460305,0.05156850575362227,0.09087638383378424,0.07861575616032393,65.69478461316828,12.536552032796774,0.014085432248610247
2025-09-03 16:00:00+00:00,1000.0,1000.0,0.0,HOLD,0.0,0.02915239986603963,0.06619416785491368,0.10323593584378774,0.07408353597774811,56.950895535178766,10.352028538361681,0.014781114440424632
2025-09-03 17:00:00+00:00,1000.0,1000.0,0.0,HOLD,0.0,0.0370294563790097,0.07303027176054125,0.1090310871420728,0.0720016307630631,67.30460941130553,11.408546052573575,0.01670678699770841
2025-09-03 18:00:00+00:00,1000.0,1000.0,0.0,HOLD,0.0,0.042982453931949854,0.07604878245632184,0.10911511098069382,0.06613265704874396,62.50408580183879,12.570217710957563,0.01740696069694957
2025-09-03 19:00:00+00:00,1000.0,1000.0,0.0,HOLD,0.0,0.045266083775926266,0.0789012800058421,0.11253647623575792,0.06727039245983166,69.97771967053727,14.224691249127924,0.01842547200589397
2025-09-03 20:00:00+00:00,1000.0,1000.0,0.0,HOLD,0.0,0.04843551610599198,0.08195823627794416,0.11548095644989634,0.06704544034390436,69.81088345849642,16.433911799010225,0.019347801109872925
2025-09-03 21:00:00+00:00,1000.0,1000.0,0.0,HOLD,0.0,0.050387182922146875,0.08370645912876191,0.11702573533537695,0.06663855241323008,62.359808086055644,17.529315098122105,0.019518992142708642
2025-09-03 22:00:00+00:00,1000.0,1000.0,0.0,HOLD,0.0,0.04828970061374717,0.08370645912876191,0.11912321764377666,0.07083351703002949,63.019852154650756,16.64471757798456,0.01972170644174504
2025-09-03 23:00:00+00:00,1000.0,1000.0,0.0,HOLD,0.0,0.04937115377348592,0.08328899204718691,0.11720683032088791,0.067835676547402,55.60232505816931,15.56446132222946,0.019250346634309752
2025-09-04 00:00:00+00:00,1000.0,1000.0,0.0,HOLD,0.0,0.0491225050635558,0.08201837055501816,0.11491423604648052,0.0657917309829247,58.244542654345786,15.548433076407667,0.018926941664576424
2025-09-04 01:00:00+00:00,1000.0,1000.0,0.0,HOLD,0.0,0.04886387118660529,0.07820809366561639,0.10755231614462749,0.058688444958022196,56.637868839222634,15.226677349220381,0.017173755847978048
2025-09-04 02:00:00+00:00,1000.0,1000.0,0.0,HOLD,0.0,0.03282866040315993,0.06760420593545423,0.10237975146774853,0.0695510910645886,54.21531449998375,14.976869507807793,0.015206780680779608
2025-09-04 03:00:00+00:00,1000.0,1000.0,0.0,HOLD,0.0,0.03561089053272296,0.07279612547267107,0.10998136041261919,0.07437046987989623,45.871190251906654,15.44444434694571,0.015068588421844402
2025-09-04 04:00:00+00:00,1000.0,1000.0,0.0,HOLD,0.0,0.040274195254467376,0.0838299981623611,0.12738580107025482,0.08711160581578745,30.20328197271884,18.79119235614335,0.015425198743844846
2025-09-04 05:00:00+00:00,1000.0,1000.0,0.0,HOLD,0.0,0.04822018431606322,0.0917905781484608,0.1353609719808584,0.08714078766479517,28.31977458874863,21.5239834749122,0.017463058467198592
2025-09-04 06:00:00+00:00,1000.0,1000.0,0.0,HOLD,0.0,0.05399108082264769,0.09743632124403627,0.14088156166542484,0.08689048084277715,29.16539832550498,25.270207808431955,0.020372355964473652
2025-09-04 07:00:00+00:00,1000.0,1000.0,0.0,HOLD,0.0,0.050893429505706446,0.09825700370459726,0.1456205779034881,0.09472714839778165,20.46369293280341,29.333464240642712,0.022501777079758006
2025-09-04 08:00:00+00:00,1000.0,1000.0,0.0,HOLD,0.0,0.05145879286158144,0.09825700370459726,0.14505521454761308,0.09359642168603163,27.31539748087954,32.161575610841666,0.023514619398259638
2025-09-04 09:00:00+00:00,1000.0,1000.0,0.0,HOLD,0.0,0.04859737455169978,0.09639240308496021,0.14418743161822062,0.09559005706652084,26.834956415374222,34.43324163965668,0.0243268976907475
2025-09-04 10:00:00+00:00,1000.0,1000.0,0.0,HOLD,0.0,0.0539641554071066,0.09882425743931976,0.1436843594715329,0.08972020406442631,24.837251902570458,34.90550901371215,0.024678856733531016
2025-09-04 11:00:00+00:00,1000.0,1000.0,0.0,HOLD,0.0,0.05525857524294431,0.09722359198252607,0.13918860872210784,0.08393003347916353,30.99715521935086,36.615030907885,0.02440815450160876
2025-09-04 12:00:00+00:00,1000.0,1000.0,0.0,HOLD,0.0,0.05418191496626741,0.09722359198252607,0.14026526899878472,0.08608335403251731,34.09225032018281,38.48065944142729,0.024388152136701848
2025-09-04 13:00:00+00:00,1000.0,1000.0,0.0,HOLD,0.0,0.057920461940083726,0.0995926183301088,0.14126477472013388,0.08334431278005015,31.813641489813406,40.96163187137484,0.024029066991113013
2025-09-04 14:00:00+00:00,1000.0,1000.0,0.0,HOLD,0.0,0.04962680660355491,0.09852733633611456,0.1474278660686742,0.09780105946511929,19.754674994695165,44.83385582622988,0.025787910367576175
2025-09-04 15:00:00+00:00,1000.0,1000.0,0.0,HOLD,0.0,0.037136043161928686,0.08528412108498463,0.1334321990080406,0.09629615584611191,18.669960997657782,49.09325574897333,0.027483805459167298
2025-09-04 16:00:00+00:00,1000.0,1000.0,0.0,HOLD,0.0,0.03673861213888102,0.08528412108498463,0.13382963003108825,0.09709101789220723,20.962429455999285,53.36423361275691,0.02841998564864782
2025-09-04 17:00:00+00:00,1000.0,1000.0,0.0,HOLD,0.0,0.04668518797444736,0.09134511978852909,0.13600505160261084,0.08931986362816348,30.59744639159689,55.653260196400254,0.028155316807961902
2025-09-04 18:00:00+00:00,1000.0,1000.0,0.0,HOLD,0.0,0.05264596116426554,0.092919401256685,0.13319284134910447,0.08054688018483894,36.449276824077664,53.5778505098466,0.02703548971874721
2025-09-04 19:00:00+00:00,1000.0,1000.0,0.0,HOLD,0.0,0.05418920284163152,0.09413935931644189,0.13408951579125228,0.07990031294962076,37.390695116976175,50.35182096616355,0.026466149961658213
2025-09-04 20:00:00+00:00,1000.0,1000.0,0.0,HOLD,0.0,0.06402274943801581,0.10171110877325255,0.1393994681084893,0.07537671867047349,50.18852250345031,46.15752203484721,0.023299335202450002
2025-09-04 21:00:00+00:00,1000.0,1000.0,0.0,HOLD,0.0,0.07021968914923067,0.10760792200912529,0.1449961548690199,0.07477646571978923,50.48798418845992,40.996294071021474,0.01979760084443396
2025-09-04 22:00:00+00:00,1000.0,1000.0,0.0,HOLD,0.0,0.06159403817679206,0.09966005816527933,0.13772607815376658,0.07613203997697453,59.30256998603124,38.545493935401154,0.019943945758992006
2025-09-04 23:00:00+00:00,1000.0,1000.0,0.0,HOLD,0.0,0.06487299062865491,0.10716358587192763,0.14945418111520037,0.08458119048654546,49.18331189005519,36.34642171128819,0.019181181345201907
2025-09-05 00:00:00+00:00,1000.0,1000.0,0.0,HOLD,0.0,0.06467616773258193,0.10696676297585465,0.1492573582191274,0.08458119048654546,48.310777324539615,34.67109046860646,0.018699230379063136
2025-09-05 01:00:00+00:00,1000.0,1000.0,0.0,HOLD,0.0,0.06035595768614817,0.10502448352541965,0.14969300936469115,0.08933705167854299,52.71589115859767,33.83164182117061,0.01952275110668184
2025-09-05 02:00:00+00:00,1000.0,1000.0,0.0,HOLD,0.0,0.04711678871745933,0.09316195950344718,0.13920713028943502,0.09209034157197568,53.48798915979857,33.6196370102802,0.020914913029237245
2025-09-05 03:00:00+00:00,1000.0,1000.0,0.0,HOLD,0.0,0.042486437049168733,0.09161186599755487,0.140737294945941,0.09825085789677226,57.86561367503611,34.03791548775669,0.022020948309404098
2025-09-05 04:00:00+00:00,1000.0,1000.0,0.0,HOLD,0.0,0.041185263679244764,0.09000958003773298,0.13883389639622118,0.09764863271697641,66.35593929388443,34.67024059978903,0.02329173835964369
2025-09-05 05:00:00+00:00,1000.0,1000.0,0.0,HOLD,0.0,0.03645669563978163,0.0886075241819544,0.14075835272412718,0.10430165708434555,71.96820862768817,36.51026952003605,0.024669981095590907
2025-09-05 06:00:00+00:00,1000.0,1000.0,0.0,HOLD,0.0,0.03319668475052663,0.08719001324827878,0.14118334174603092,0.10798665699550429,74.91765132513392,38.59604775373757,0.026915150066301744
2025-09-05 07:00:00+00:00,1000.0,1000.0,0.0,HOLD,0.0,0.018533298039545225,0.07768427444636668,0.13683525085318812,0.11830195281364289,77.99513595294336,41.955792094565716,0.03274548460071517
2025-09-05 08:00:00+00:00,1000.0,1000.0,0.0,HOLD,0.0,0.028277184895287896,0.08903169487851646,0.14978620486174504,0.12150901996645715,72.7593557269956,46.59378872022653,0.036027905745284
2025-09-05 09:00:00+00:00,1000.0,1000.0,0.0,HOLD,0.0,0.014429327633695602,0.07539179678799372,0.13635426594229183,0.12192493830859623,71.07373467367805,50.46985168461861,0.037719990708875724
2025-09-05 10:00:00+00:00,1000.0,1000.0,0.0,HOLD,0.0,0.01897214490456718,0.0789376622566156,0.138903179608664,0.11993103470409681,67.17711477554904,55.096752409041606,0.03795345002774252
2025-09-05 11:00:00+00:00,1000.0,1000.0,0.0,HOLD,0.0,0.012931892481657832,0.07362570569926288,0.13431951891686794,0.12138762643521012,67.21160808778478,59.16856310974084,0.036944676692344636
2025-09-05 12:00:00+00:00,1000.0,1000.0,0.0,HOLD,0.0,0.01217548215483237,0.07436969909425656,0.13656391603368073,0.12438843387884836,66.40093608196429,61.7163739248243,0.03718229703797366
2025-09-05 13:00:00+00:00,1000.0,1000.0,0.0,HOLD,0.0,0.01568664698554205,0.07436969909425656,0.13305275120297105,0.117366104217429,75.43157016540924,63.919682452273264,0.036978421569061524
2025-09-05 14:00:00+00:00,1000.0,1000.0,0.0,HOLD,0.0,0.031390695944758795,0.08300146120870716,0.13461222647265553,0.10322153052789673,50.86255015207763,62.88228487591939,0.035548246304430015
2025-09-05 15:00:00+00:00,1000.0,1000.0,0.0,HOLD,0.0,0.020550163156292857,0.07875007021127689,0.13694997726626093,0.11639981410996808,46.8077184601575,60.86280613609565,0.033120595532008204
2025-09-05 16:00:00+00:00,1000.0,1000.0,0.0,HOLD,0.0,0.01928515458012285,0.07875007021127689,0.13821498584243092,0.11892983126230806,45.776381832772856,58.93797633397458,0.03225858923419353
2025-09-05 17:00:00+00:00,1000.0,1000.0,0.0,HOLD,0.0,0.017095516432831234,0.0781828164765544,0.13927011652027754,0.12217460008744631,44.50006644414383,56.599001616137016,0.03200979698749647
2025-09-05 18:00:00+00:00,1000.0,1000.0,0.0,HOLD,0.0,0.014893442321610287,0.07575096212219484,0.1366084819227794,0.12171503960116913,48.203749204811395,52.12693612830038,0.032193249166119875
2025-09-05 19:00:00+00:00,1000.0,1000.0,0.0,HOLD,0.0,0.01364509122995164,0.07352506871040343,0.13340504619085522,0.11975995496090358,50.28039294227711,45.98812039129069,0.03128060264894993
2025-09-05 20:00:00+00:00,1000.0,1000.0,0.0,HOLD,0.0,0.01029321474947073,0.07144644128512628,0.13259966782078184,0.1223064530713111,47.934293990393414,39.98789834484698,0.029533061193180655
2025-09-05 21:00:00+00:00,1000.0,1000.0,0.0,HOLD,0.0,0.009114065840434449,0.07461026154966714,0.14010645725889984,0.1309923914184654,32.72873503391301,36.24792523108999,0.03053335512191167
2025-09-05 22:00:00+00:00,1000.0,1000.0,0.0,HOLD,0.0,0.013884205963201203,0.0760487425856561,0.138213279208111,0.1243290732449098,36.34832194511136,32.550198240097004,0.031276059380774365
2025-09-05 23:00:00+00:00,1000.0,1000.0,0.0,HOLD,0.0,0.015724300601438777,0.0760487425856561,0.1363731845698734,0.12064888396843462,37.327005624630026,29.924174580204202,0.03222428132172147
